-- Batch create video courses from CSV
SET @uid = '45cfd6b13cee4a92a311769a401ee29c';

-- Course 1: 中欧-建立主流口碑
INSERT IGNORE INTO shifu_published_shifus (shifu_bid, title, description, keywords, tts_enabled, llm, llm_temperature, llm_system_prompt, ask_enabled_status, ask_llm, ask_llm_temperature, ask_llm_system_prompt, price, deleted, created_user_bid, avatar_res_bid, created_at, updated_at) VALUES ('e801c5d9cd6f445c936104a222b43fcc', '中欧-建立主流口碑', '领导力培训视频', '领导力,视频', 1, '', 0.3, '', 5101, '', 0.3, '', 0, 0, @uid, '', NOW(), NOW());
INSERT IGNORE INTO shifu_draft_shifus (shifu_bid, title, description, keywords, tts_enabled, llm, llm_temperature, llm_system_prompt, ask_enabled_status, ask_llm, ask_llm_temperature, ask_llm_system_prompt, price, deleted, created_user_bid, avatar_res_bid, created_at, updated_at) VALUES ('e801c5d9cd6f445c936104a222b43fcc', '中欧-建立主流口碑', '领导力培训视频', '领导力,视频', 1, '', 0.3, '', 5101, '', 0.3, '', 0, 0, @uid, '', NOW(), NOW());
INSERT IGNORE INTO shifu_published_outline_items (outline_item_bid, shifu_bid, title, type, hidden, parent_bid, position, content, prerequisite_item_bids, llm, llm_temperature, llm_system_prompt, ask_enabled_status, ask_llm, ask_llm_temperature, ask_llm_system_prompt, deleted, created_user_bid, updated_user_bid, created_at, updated_at) VALUES ('ch7386334f186442a4a0a4f5', 'e801c5d9cd6f445c936104a222b43fcc', '中欧-建立主流口碑', 400, 0, '', '01', '', '', '', 0.3, '', 5101, '', 0.3, '', 0, @uid, @uid, NOW(), NOW());
INSERT IGNORE INTO shifu_published_outline_items (outline_item_bid, shifu_bid, title, type, hidden, parent_bid, position, content, prerequisite_item_bids, llm, llm_temperature, llm_system_prompt, ask_enabled_status, ask_llm, ask_llm_temperature, ask_llm_system_prompt, deleted, created_user_bid, updated_user_bid, created_at, updated_at) VALUES ('ls4e7c00379fec410dbacce6', 'e801c5d9cd6f445c936104a222b43fcc', 'Lesson 01: 中欧-建立主流口碑', 400, 0, 'ch7386334f186442a4a0a4f5', '0101', '{{video}}\nhttps://video.sysmex.com.cn/304e2221703571f182df4531959d0102/9cd7112d30a54824bf074039d24cd1a8-325ad47ab11af91da77d997fdde6786f-sd.m3u8', '', '', 0.3, '', 5101, '', 0.3, '', 0, @uid, @uid, NOW(), NOW());
INSERT IGNORE INTO shifu_draft_outline_items (outline_item_bid, shifu_bid, title, type, hidden, parent_bid, position, content, prerequisite_item_bids, llm, llm_temperature, llm_system_prompt, ask_enabled_status, ask_llm, ask_llm_temperature, ask_llm_system_prompt, deleted, created_user_bid, updated_user_bid, created_at, updated_at) VALUES ('ch7386334f186442a4a0a4f5', 'e801c5d9cd6f445c936104a222b43fcc', '中欧-建立主流口碑', 400, 0, '', '01', '', '', '', 0.3, '', 5101, '', 0.3, '', 0, @uid, @uid, NOW(), NOW());
INSERT IGNORE INTO shifu_draft_outline_items (outline_item_bid, shifu_bid, title, type, hidden, parent_bid, position, content, prerequisite_item_bids, llm, llm_temperature, llm_system_prompt, ask_enabled_status, ask_llm, ask_llm_temperature, ask_llm_system_prompt, deleted, created_user_bid, updated_user_bid, created_at, updated_at) VALUES ('ls4e7c00379fec410dbacce6', 'e801c5d9cd6f445c936104a222b43fcc', 'Lesson 01: 中欧-建立主流口碑', 400, 0, 'ch7386334f186442a4a0a4f5', '0101', '{{video}}\nhttps://video.sysmex.com.cn/304e2221703571f182df4531959d0102/9cd7112d30a54824bf074039d24cd1a8-325ad47ab11af91da77d997fdde6786f-sd.m3u8', '', '', 0.3, '', 5101, '', 0.3, '', 0, @uid, @uid, NOW(), NOW());
INSERT IGNORE INTO shifu_log_published_structs (shifu_bid, struct, deleted, created_at, updated_at) VALUES ('e801c5d9cd6f445c936104a222b43fcc', '{"bid":"e801c5d9cd6f445c936104a222b43fcc","id":999,"type":"shifu","children":[{"bid":"ch7386334f186442a4a0a4f5","id":999,"type":"outline","children":[{"bid":"ls4e7c00379fec410dbacce6","id":999,"type":"outline","children":[]}]}]}', 0, NOW(), NOW());
INSERT IGNORE INTO shifu_log_draft_structs (shifu_bid, struct, deleted, created_at, updated_at) VALUES ('e801c5d9cd6f445c936104a222b43fcc', '{"bid":"e801c5d9cd6f445c936104a222b43fcc","id":999,"type":"shifu","children":[{"bid":"ch7386334f186442a4a0a4f5","id":999,"type":"outline","children":[{"bid":"ls4e7c00379fec410dbacce6","id":999,"type":"outline","children":[]}]}]}', 0, NOW(), NOW());
INSERT IGNORE INTO course_enrollments (user_bid, shifu_bid, trainer_bid, module, status, progress_pct, created_at, updated_at) VALUES (@uid, 'e801c5d9cd6f445c936104a222b43fcc', @uid, 'leadership', 'assigned', 0, NOW(), NOW());

-- Course 2: 中欧-如何提高团队情商
INSERT IGNORE INTO shifu_published_shifus (shifu_bid, title, description, keywords, tts_enabled, llm, llm_temperature, llm_system_prompt, ask_enabled_status, ask_llm, ask_llm_temperature, ask_llm_system_prompt, price, deleted, created_user_bid, avatar_res_bid, created_at, updated_at) VALUES ('7d23fd28991c439995631bb09eb64a2c', '中欧-如何提高团队情商', '领导力培训视频', '领导力,视频', 1, '', 0.3, '', 5101, '', 0.3, '', 0, 0, @uid, '', NOW(), NOW());
INSERT IGNORE INTO shifu_draft_shifus (shifu_bid, title, description, keywords, tts_enabled, llm, llm_temperature, llm_system_prompt, ask_enabled_status, ask_llm, ask_llm_temperature, ask_llm_system_prompt, price, deleted, created_user_bid, avatar_res_bid, created_at, updated_at) VALUES ('7d23fd28991c439995631bb09eb64a2c', '中欧-如何提高团队情商', '领导力培训视频', '领导力,视频', 1, '', 0.3, '', 5101, '', 0.3, '', 0, 0, @uid, '', NOW(), NOW());
INSERT IGNORE INTO shifu_published_outline_items (outline_item_bid, shifu_bid, title, type, hidden, parent_bid, position, content, prerequisite_item_bids, llm, llm_temperature, llm_system_prompt, ask_enabled_status, ask_llm, ask_llm_temperature, ask_llm_system_prompt, deleted, created_user_bid, updated_user_bid, created_at, updated_at) VALUES ('ch99bd747bddbd4f33854e21', '7d23fd28991c439995631bb09eb64a2c', '中欧-如何提高团队情商', 400, 0, '', '01', '', '', '', 0.3, '', 5101, '', 0.3, '', 0, @uid, @uid, NOW(), NOW());
INSERT IGNORE INTO shifu_published_outline_items (outline_item_bid, shifu_bid, title, type, hidden, parent_bid, position, content, prerequisite_item_bids, llm, llm_temperature, llm_system_prompt, ask_enabled_status, ask_llm, ask_llm_temperature, ask_llm_system_prompt, deleted, created_user_bid, updated_user_bid, created_at, updated_at) VALUES ('ls51e3676921714973bfe078', '7d23fd28991c439995631bb09eb64a2c', 'Lesson 01: 中欧-如何提高团队情商', 400, 0, 'ch99bd747bddbd4f33854e21', '0101', '{{video}}\nhttps://video.sysmex.com.cn/c07dcc1b703571f1832d5017f0e80102/4d85342e78334113b5c1cf5ce033ce48-5b23be1908382dc1883f13f5d5b5f9fb-sd.m3u8', '', '', 0.3, '', 5101, '', 0.3, '', 0, @uid, @uid, NOW(), NOW());
INSERT IGNORE INTO shifu_draft_outline_items (outline_item_bid, shifu_bid, title, type, hidden, parent_bid, position, content, prerequisite_item_bids, llm, llm_temperature, llm_system_prompt, ask_enabled_status, ask_llm, ask_llm_temperature, ask_llm_system_prompt, deleted, created_user_bid, updated_user_bid, created_at, updated_at) VALUES ('ch99bd747bddbd4f33854e21', '7d23fd28991c439995631bb09eb64a2c', '中欧-如何提高团队情商', 400, 0, '', '01', '', '', '', 0.3, '', 5101, '', 0.3, '', 0, @uid, @uid, NOW(), NOW());
INSERT IGNORE INTO shifu_draft_outline_items (outline_item_bid, shifu_bid, title, type, hidden, parent_bid, position, content, prerequisite_item_bids, llm, llm_temperature, llm_system_prompt, ask_enabled_status, ask_llm, ask_llm_temperature, ask_llm_system_prompt, deleted, created_user_bid, updated_user_bid, created_at, updated_at) VALUES ('ls51e3676921714973bfe078', '7d23fd28991c439995631bb09eb64a2c', 'Lesson 01: 中欧-如何提高团队情商', 400, 0, 'ch99bd747bddbd4f33854e21', '0101', '{{video}}\nhttps://video.sysmex.com.cn/c07dcc1b703571f1832d5017f0e80102/4d85342e78334113b5c1cf5ce033ce48-5b23be1908382dc1883f13f5d5b5f9fb-sd.m3u8', '', '', 0.3, '', 5101, '', 0.3, '', 0, @uid, @uid, NOW(), NOW());
INSERT IGNORE INTO shifu_log_published_structs (shifu_bid, struct, deleted, created_at, updated_at) VALUES ('7d23fd28991c439995631bb09eb64a2c', '{"bid":"7d23fd28991c439995631bb09eb64a2c","id":999,"type":"shifu","children":[{"bid":"ch99bd747bddbd4f33854e21","id":999,"type":"outline","children":[{"bid":"ls51e3676921714973bfe078","id":999,"type":"outline","children":[]}]}]}', 0, NOW(), NOW());
INSERT IGNORE INTO shifu_log_draft_structs (shifu_bid, struct, deleted, created_at, updated_at) VALUES ('7d23fd28991c439995631bb09eb64a2c', '{"bid":"7d23fd28991c439995631bb09eb64a2c","id":999,"type":"shifu","children":[{"bid":"ch99bd747bddbd4f33854e21","id":999,"type":"outline","children":[{"bid":"ls51e3676921714973bfe078","id":999,"type":"outline","children":[]}]}]}', 0, NOW(), NOW());
INSERT IGNORE INTO course_enrollments (user_bid, shifu_bid, trainer_bid, module, status, progress_pct, created_at, updated_at) VALUES (@uid, '7d23fd28991c439995631bb09eb64a2c', @uid, 'leadership', 'assigned', 0, NOW(), NOW());

-- Course 3: 中欧-提高时间效能
INSERT IGNORE INTO shifu_published_shifus (shifu_bid, title, description, keywords, tts_enabled, llm, llm_temperature, llm_system_prompt, ask_enabled_status, ask_llm, ask_llm_temperature, ask_llm_system_prompt, price, deleted, created_user_bid, avatar_res_bid, created_at, updated_at) VALUES ('42b9d6d1979246ab8476c4ac1f76f975', '中欧-提高时间效能', '领导力培训视频', '领导力,视频', 1, '', 0.3, '', 5101, '', 0.3, '', 0, 0, @uid, '', NOW(), NOW());
INSERT IGNORE INTO shifu_draft_shifus (shifu_bid, title, description, keywords, tts_enabled, llm, llm_temperature, llm_system_prompt, ask_enabled_status, ask_llm, ask_llm_temperature, ask_llm_system_prompt, price, deleted, created_user_bid, avatar_res_bid, created_at, updated_at) VALUES ('42b9d6d1979246ab8476c4ac1f76f975', '中欧-提高时间效能', '领导力培训视频', '领导力,视频', 1, '', 0.3, '', 5101, '', 0.3, '', 0, 0, @uid, '', NOW(), NOW());
INSERT IGNORE INTO shifu_published_outline_items (outline_item_bid, shifu_bid, title, type, hidden, parent_bid, position, content, prerequisite_item_bids, llm, llm_temperature, llm_system_prompt, ask_enabled_status, ask_llm, ask_llm_temperature, ask_llm_system_prompt, deleted, created_user_bid, updated_user_bid, created_at, updated_at) VALUES ('chbc2b187b4c914a8cbaa70d', '42b9d6d1979246ab8476c4ac1f76f975', '中欧-提高时间效能', 400, 0, '', '01', '', '', '', 0.3, '', 5101, '', 0.3, '', 0, @uid, @uid, NOW(), NOW());
INSERT IGNORE INTO shifu_published_outline_items (outline_item_bid, shifu_bid, title, type, hidden, parent_bid, position, content, prerequisite_item_bids, llm, llm_temperature, llm_system_prompt, ask_enabled_status, ask_llm, ask_llm_temperature, ask_llm_system_prompt, deleted, created_user_bid, updated_user_bid, created_at, updated_at) VALUES ('lsc047f06e03b142c98c8109', '42b9d6d1979246ab8476c4ac1f76f975', 'Lesson 01: 中欧-提高时间效能', 400, 0, 'chbc2b187b4c914a8cbaa70d', '0101', '{{video}}\nhttps://video.sysmex.com.cn/20c2be1b703571f1830a4531958d0102/eefd635d68d94aea86d2c2a7847f7f7b-4c604e80f32aa3103224130c7f2e71ce-sd.m3u8', '', '', 0.3, '', 5101, '', 0.3, '', 0, @uid, @uid, NOW(), NOW());
INSERT IGNORE INTO shifu_draft_outline_items (outline_item_bid, shifu_bid, title, type, hidden, parent_bid, position, content, prerequisite_item_bids, llm, llm_temperature, llm_system_prompt, ask_enabled_status, ask_llm, ask_llm_temperature, ask_llm_system_prompt, deleted, created_user_bid, updated_user_bid, created_at, updated_at) VALUES ('chbc2b187b4c914a8cbaa70d', '42b9d6d1979246ab8476c4ac1f76f975', '中欧-提高时间效能', 400, 0, '', '01', '', '', '', 0.3, '', 5101, '', 0.3, '', 0, @uid, @uid, NOW(), NOW());
INSERT IGNORE INTO shifu_draft_outline_items (outline_item_bid, shifu_bid, title, type, hidden, parent_bid, position, content, prerequisite_item_bids, llm, llm_temperature, llm_system_prompt, ask_enabled_status, ask_llm, ask_llm_temperature, ask_llm_system_prompt, deleted, created_user_bid, updated_user_bid, created_at, updated_at) VALUES ('lsc047f06e03b142c98c8109', '42b9d6d1979246ab8476c4ac1f76f975', 'Lesson 01: 中欧-提高时间效能', 400, 0, 'chbc2b187b4c914a8cbaa70d', '0101', '{{video}}\nhttps://video.sysmex.com.cn/20c2be1b703571f1830a4531958d0102/eefd635d68d94aea86d2c2a7847f7f7b-4c604e80f32aa3103224130c7f2e71ce-sd.m3u8', '', '', 0.3, '', 5101, '', 0.3, '', 0, @uid, @uid, NOW(), NOW());
INSERT IGNORE INTO shifu_log_published_structs (shifu_bid, struct, deleted, created_at, updated_at) VALUES ('42b9d6d1979246ab8476c4ac1f76f975', '{"bid":"42b9d6d1979246ab8476c4ac1f76f975","id":999,"type":"shifu","children":[{"bid":"chbc2b187b4c914a8cbaa70d","id":999,"type":"outline","children":[{"bid":"lsc047f06e03b142c98c8109","id":999,"type":"outline","children":[]}]}]}', 0, NOW(), NOW());
INSERT IGNORE INTO shifu_log_draft_structs (shifu_bid, struct, deleted, created_at, updated_at) VALUES ('42b9d6d1979246ab8476c4ac1f76f975', '{"bid":"42b9d6d1979246ab8476c4ac1f76f975","id":999,"type":"shifu","children":[{"bid":"chbc2b187b4c914a8cbaa70d","id":999,"type":"outline","children":[{"bid":"lsc047f06e03b142c98c8109","id":999,"type":"outline","children":[]}]}]}', 0, NOW(), NOW());
INSERT IGNORE INTO course_enrollments (user_bid, shifu_bid, trainer_bid, module, status, progress_pct, created_at, updated_at) VALUES (@uid, '42b9d6d1979246ab8476c4ac1f76f975', @uid, 'leadership', 'assigned', 0, NOW(), NOW());

-- Course 4: 中欧-如何构建具有批判性思维的团队
INSERT IGNORE INTO shifu_published_shifus (shifu_bid, title, description, keywords, tts_enabled, llm, llm_temperature, llm_system_prompt, ask_enabled_status, ask_llm, ask_llm_temperature, ask_llm_system_prompt, price, deleted, created_user_bid, avatar_res_bid, created_at, updated_at) VALUES ('92e8dfec6b6d48648b3e51a61f98488d', '中欧-如何构建具有批判性思维的团队', '领导力培训视频', '领导力,视频', 1, '', 0.3, '', 5101, '', 0.3, '', 0, 0, @uid, '', NOW(), NOW());
INSERT IGNORE INTO shifu_draft_shifus (shifu_bid, title, description, keywords, tts_enabled, llm, llm_temperature, llm_system_prompt, ask_enabled_status, ask_llm, ask_llm_temperature, ask_llm_system_prompt, price, deleted, created_user_bid, avatar_res_bid, created_at, updated_at) VALUES ('92e8dfec6b6d48648b3e51a61f98488d', '中欧-如何构建具有批判性思维的团队', '领导力培训视频', '领导力,视频', 1, '', 0.3, '', 5101, '', 0.3, '', 0, 0, @uid, '', NOW(), NOW());
INSERT IGNORE INTO shifu_published_outline_items (outline_item_bid, shifu_bid, title, type, hidden, parent_bid, position, content, prerequisite_item_bids, llm, llm_temperature, llm_system_prompt, ask_enabled_status, ask_llm, ask_llm_temperature, ask_llm_system_prompt, deleted, created_user_bid, updated_user_bid, created_at, updated_at) VALUES ('ch8736ec6762c84a2a9abb8e', '92e8dfec6b6d48648b3e51a61f98488d', '中欧-如何构建具有批判性思维的团队', 400, 0, '', '01', '', '', '', 0.3, '', 5101, '', 0.3, '', 0, @uid, @uid, NOW(), NOW());
INSERT IGNORE INTO shifu_published_outline_items (outline_item_bid, shifu_bid, title, type, hidden, parent_bid, position, content, prerequisite_item_bids, llm, llm_temperature, llm_system_prompt, ask_enabled_status, ask_llm, ask_llm_temperature, ask_llm_system_prompt, deleted, created_user_bid, updated_user_bid, created_at, updated_at) VALUES ('lsaddf339830fb485b80a227', '92e8dfec6b6d48648b3e51a61f98488d', 'Lesson 01: 中欧-如何构建具有批判性思维的团队', 400, 0, 'ch8736ec6762c84a2a9abb8e', '0101', '{{video}}\nhttps://video.sysmex.com.cn/10e49e06703571f1832d5017f0e80102/fbf01c6365f24a7f881dd2015d0613e0-d2d44a3b8e511a4fc23615cbb4bfce20-sd.m3u8', '', '', 0.3, '', 5101, '', 0.3, '', 0, @uid, @uid, NOW(), NOW());
INSERT IGNORE INTO shifu_draft_outline_items (outline_item_bid, shifu_bid, title, type, hidden, parent_bid, position, content, prerequisite_item_bids, llm, llm_temperature, llm_system_prompt, ask_enabled_status, ask_llm, ask_llm_temperature, ask_llm_system_prompt, deleted, created_user_bid, updated_user_bid, created_at, updated_at) VALUES ('ch8736ec6762c84a2a9abb8e', '92e8dfec6b6d48648b3e51a61f98488d', '中欧-如何构建具有批判性思维的团队', 400, 0, '', '01', '', '', '', 0.3, '', 5101, '', 0.3, '', 0, @uid, @uid, NOW(), NOW());
INSERT IGNORE INTO shifu_draft_outline_items (outline_item_bid, shifu_bid, title, type, hidden, parent_bid, position, content, prerequisite_item_bids, llm, llm_temperature, llm_system_prompt, ask_enabled_status, ask_llm, ask_llm_temperature, ask_llm_system_prompt, deleted, created_user_bid, updated_user_bid, created_at, updated_at) VALUES ('lsaddf339830fb485b80a227', '92e8dfec6b6d48648b3e51a61f98488d', 'Lesson 01: 中欧-如何构建具有批判性思维的团队', 400, 0, 'ch8736ec6762c84a2a9abb8e', '0101', '{{video}}\nhttps://video.sysmex.com.cn/10e49e06703571f1832d5017f0e80102/fbf01c6365f24a7f881dd2015d0613e0-d2d44a3b8e511a4fc23615cbb4bfce20-sd.m3u8', '', '', 0.3, '', 5101, '', 0.3, '', 0, @uid, @uid, NOW(), NOW());
INSERT IGNORE INTO shifu_log_published_structs (shifu_bid, struct, deleted, created_at, updated_at) VALUES ('92e8dfec6b6d48648b3e51a61f98488d', '{"bid":"92e8dfec6b6d48648b3e51a61f98488d","id":999,"type":"shifu","children":[{"bid":"ch8736ec6762c84a2a9abb8e","id":999,"type":"outline","children":[{"bid":"lsaddf339830fb485b80a227","id":999,"type":"outline","children":[]}]}]}', 0, NOW(), NOW());
INSERT IGNORE INTO shifu_log_draft_structs (shifu_bid, struct, deleted, created_at, updated_at) VALUES ('92e8dfec6b6d48648b3e51a61f98488d', '{"bid":"92e8dfec6b6d48648b3e51a61f98488d","id":999,"type":"shifu","children":[{"bid":"ch8736ec6762c84a2a9abb8e","id":999,"type":"outline","children":[{"bid":"lsaddf339830fb485b80a227","id":999,"type":"outline","children":[]}]}]}', 0, NOW(), NOW());
INSERT IGNORE INTO course_enrollments (user_bid, shifu_bid, trainer_bid, module, status, progress_pct, created_at, updated_at) VALUES (@uid, '92e8dfec6b6d48648b3e51a61f98488d', @uid, 'leadership', 'assigned', 0, NOW(), NOW());

-- Course 5: 中欧-管理者如何培养批判性思维
INSERT IGNORE INTO shifu_published_shifus (shifu_bid, title, description, keywords, tts_enabled, llm, llm_temperature, llm_system_prompt, ask_enabled_status, ask_llm, ask_llm_temperature, ask_llm_system_prompt, price, deleted, created_user_bid, avatar_res_bid, created_at, updated_at) VALUES ('4c528826b52d4efbb06af408f4b04ad2', '中欧-管理者如何培养批判性思维', '领导力培训视频', '领导力,视频', 1, '', 0.3, '', 5101, '', 0.3, '', 0, 0, @uid, '', NOW(), NOW());
INSERT IGNORE INTO shifu_draft_shifus (shifu_bid, title, description, keywords, tts_enabled, llm, llm_temperature, llm_system_prompt, ask_enabled_status, ask_llm, ask_llm_temperature, ask_llm_system_prompt, price, deleted, created_user_bid, avatar_res_bid, created_at, updated_at) VALUES ('4c528826b52d4efbb06af408f4b04ad2', '中欧-管理者如何培养批判性思维', '领导力培训视频', '领导力,视频', 1, '', 0.3, '', 5101, '', 0.3, '', 0, 0, @uid, '', NOW(), NOW());
INSERT IGNORE INTO shifu_published_outline_items (outline_item_bid, shifu_bid, title, type, hidden, parent_bid, position, content, prerequisite_item_bids, llm, llm_temperature, llm_system_prompt, ask_enabled_status, ask_llm, ask_llm_temperature, ask_llm_system_prompt, deleted, created_user_bid, updated_user_bid, created_at, updated_at) VALUES ('che11cf76febbf4253afd370', '4c528826b52d4efbb06af408f4b04ad2', '中欧-管理者如何培养批判性思维', 400, 0, '', '01', '', '', '', 0.3, '', 5101, '', 0.3, '', 0, @uid, @uid, NOW(), NOW());
INSERT IGNORE INTO shifu_published_outline_items (outline_item_bid, shifu_bid, title, type, hidden, parent_bid, position, content, prerequisite_item_bids, llm, llm_temperature, llm_system_prompt, ask_enabled_status, ask_llm, ask_llm_temperature, ask_llm_system_prompt, deleted, created_user_bid, updated_user_bid, created_at, updated_at) VALUES ('ls3bea127042cd4581acb7b8', '4c528826b52d4efbb06af408f4b04ad2', 'Lesson 01: 中欧-管理者如何培养批判性思维', 400, 0, 'che11cf76febbf4253afd370', '0101', '{{video}}\nhttps://video.sysmex.com.cn/a0b831f6703471f183144531858c0102/ceef6893811d4250b1fdfcaef15caed7-c99e20ef464d494e7e512a4ac9075405-sd.m3u8', '', '', 0.3, '', 5101, '', 0.3, '', 0, @uid, @uid, NOW(), NOW());
INSERT IGNORE INTO shifu_draft_outline_items (outline_item_bid, shifu_bid, title, type, hidden, parent_bid, position, content, prerequisite_item_bids, llm, llm_temperature, llm_system_prompt, ask_enabled_status, ask_llm, ask_llm_temperature, ask_llm_system_prompt, deleted, created_user_bid, updated_user_bid, created_at, updated_at) VALUES ('che11cf76febbf4253afd370', '4c528826b52d4efbb06af408f4b04ad2', '中欧-管理者如何培养批判性思维', 400, 0, '', '01', '', '', '', 0.3, '', 5101, '', 0.3, '', 0, @uid, @uid, NOW(), NOW());
INSERT IGNORE INTO shifu_draft_outline_items (outline_item_bid, shifu_bid, title, type, hidden, parent_bid, position, content, prerequisite_item_bids, llm, llm_temperature, llm_system_prompt, ask_enabled_status, ask_llm, ask_llm_temperature, ask_llm_system_prompt, deleted, created_user_bid, updated_user_bid, created_at, updated_at) VALUES ('ls3bea127042cd4581acb7b8', '4c528826b52d4efbb06af408f4b04ad2', 'Lesson 01: 中欧-管理者如何培养批判性思维', 400, 0, 'che11cf76febbf4253afd370', '0101', '{{video}}\nhttps://video.sysmex.com.cn/a0b831f6703471f183144531858c0102/ceef6893811d4250b1fdfcaef15caed7-c99e20ef464d494e7e512a4ac9075405-sd.m3u8', '', '', 0.3, '', 5101, '', 0.3, '', 0, @uid, @uid, NOW(), NOW());
INSERT IGNORE INTO shifu_log_published_structs (shifu_bid, struct, deleted, created_at, updated_at) VALUES ('4c528826b52d4efbb06af408f4b04ad2', '{"bid":"4c528826b52d4efbb06af408f4b04ad2","id":999,"type":"shifu","children":[{"bid":"che11cf76febbf4253afd370","id":999,"type":"outline","children":[{"bid":"ls3bea127042cd4581acb7b8","id":999,"type":"outline","children":[]}]}]}', 0, NOW(), NOW());
INSERT IGNORE INTO shifu_log_draft_structs (shifu_bid, struct, deleted, created_at, updated_at) VALUES ('4c528826b52d4efbb06af408f4b04ad2', '{"bid":"4c528826b52d4efbb06af408f4b04ad2","id":999,"type":"shifu","children":[{"bid":"che11cf76febbf4253afd370","id":999,"type":"outline","children":[{"bid":"ls3bea127042cd4581acb7b8","id":999,"type":"outline","children":[]}]}]}', 0, NOW(), NOW());
INSERT IGNORE INTO course_enrollments (user_bid, shifu_bid, trainer_bid, module, status, progress_pct, created_at, updated_at) VALUES (@uid, '4c528826b52d4efbb06af408f4b04ad2', @uid, 'leadership', 'assigned', 0, NOW(), NOW());

-- Course 6: 中欧-有效说服三部曲
INSERT IGNORE INTO shifu_published_shifus (shifu_bid, title, description, keywords, tts_enabled, llm, llm_temperature, llm_system_prompt, ask_enabled_status, ask_llm, ask_llm_temperature, ask_llm_system_prompt, price, deleted, created_user_bid, avatar_res_bid, created_at, updated_at) VALUES ('1b448c37f8e949058f0215aa671fe640', '中欧-有效说服三部曲', '领导力培训视频', '领导力,视频', 1, '', 0.3, '', 5101, '', 0.3, '', 0, 0, @uid, '', NOW(), NOW());
INSERT IGNORE INTO shifu_draft_shifus (shifu_bid, title, description, keywords, tts_enabled, llm, llm_temperature, llm_system_prompt, ask_enabled_status, ask_llm, ask_llm_temperature, ask_llm_system_prompt, price, deleted, created_user_bid, avatar_res_bid, created_at, updated_at) VALUES ('1b448c37f8e949058f0215aa671fe640', '中欧-有效说服三部曲', '领导力培训视频', '领导力,视频', 1, '', 0.3, '', 5101, '', 0.3, '', 0, 0, @uid, '', NOW(), NOW());
INSERT IGNORE INTO shifu_published_outline_items (outline_item_bid, shifu_bid, title, type, hidden, parent_bid, position, content, prerequisite_item_bids, llm, llm_temperature, llm_system_prompt, ask_enabled_status, ask_llm, ask_llm_temperature, ask_llm_system_prompt, deleted, created_user_bid, updated_user_bid, created_at, updated_at) VALUES ('ch0a87e8a172a0479289d68e', '1b448c37f8e949058f0215aa671fe640', '中欧-有效说服三部曲', 400, 0, '', '01', '', '', '', 0.3, '', 5101, '', 0.3, '', 0, @uid, @uid, NOW(), NOW());
INSERT IGNORE INTO shifu_published_outline_items (outline_item_bid, shifu_bid, title, type, hidden, parent_bid, position, content, prerequisite_item_bids, llm, llm_temperature, llm_system_prompt, ask_enabled_status, ask_llm, ask_llm_temperature, ask_llm_system_prompt, deleted, created_user_bid, updated_user_bid, created_at, updated_at) VALUES ('lsd69cc383c9a548ef92f477', '1b448c37f8e949058f0215aa671fe640', 'Lesson 01: 中欧-有效说服三部曲', 400, 0, 'ch0a87e8a172a0479289d68e', '0101', '{{video}}\nhttps://video.sysmex.com.cn/20c3bdee703471f1bd314531959c0102/067ac0f7c1c34ceab770dc4994d9539d-376c65070cfe68fefbcf3ea9fe9a4af9-sd.m3u8', '', '', 0.3, '', 5101, '', 0.3, '', 0, @uid, @uid, NOW(), NOW());
INSERT IGNORE INTO shifu_draft_outline_items (outline_item_bid, shifu_bid, title, type, hidden, parent_bid, position, content, prerequisite_item_bids, llm, llm_temperature, llm_system_prompt, ask_enabled_status, ask_llm, ask_llm_temperature, ask_llm_system_prompt, deleted, created_user_bid, updated_user_bid, created_at, updated_at) VALUES ('ch0a87e8a172a0479289d68e', '1b448c37f8e949058f0215aa671fe640', '中欧-有效说服三部曲', 400, 0, '', '01', '', '', '', 0.3, '', 5101, '', 0.3, '', 0, @uid, @uid, NOW(), NOW());
INSERT IGNORE INTO shifu_draft_outline_items (outline_item_bid, shifu_bid, title, type, hidden, parent_bid, position, content, prerequisite_item_bids, llm, llm_temperature, llm_system_prompt, ask_enabled_status, ask_llm, ask_llm_temperature, ask_llm_system_prompt, deleted, created_user_bid, updated_user_bid, created_at, updated_at) VALUES ('lsd69cc383c9a548ef92f477', '1b448c37f8e949058f0215aa671fe640', 'Lesson 01: 中欧-有效说服三部曲', 400, 0, 'ch0a87e8a172a0479289d68e', '0101', '{{video}}\nhttps://video.sysmex.com.cn/20c3bdee703471f1bd314531959c0102/067ac0f7c1c34ceab770dc4994d9539d-376c65070cfe68fefbcf3ea9fe9a4af9-sd.m3u8', '', '', 0.3, '', 5101, '', 0.3, '', 0, @uid, @uid, NOW(), NOW());
INSERT IGNORE INTO shifu_log_published_structs (shifu_bid, struct, deleted, created_at, updated_at) VALUES ('1b448c37f8e949058f0215aa671fe640', '{"bid":"1b448c37f8e949058f0215aa671fe640","id":999,"type":"shifu","children":[{"bid":"ch0a87e8a172a0479289d68e","id":999,"type":"outline","children":[{"bid":"lsd69cc383c9a548ef92f477","id":999,"type":"outline","children":[]}]}]}', 0, NOW(), NOW());
INSERT IGNORE INTO shifu_log_draft_structs (shifu_bid, struct, deleted, created_at, updated_at) VALUES ('1b448c37f8e949058f0215aa671fe640', '{"bid":"1b448c37f8e949058f0215aa671fe640","id":999,"type":"shifu","children":[{"bid":"ch0a87e8a172a0479289d68e","id":999,"type":"outline","children":[{"bid":"lsd69cc383c9a548ef92f477","id":999,"type":"outline","children":[]}]}]}', 0, NOW(), NOW());
INSERT IGNORE INTO course_enrollments (user_bid, shifu_bid, trainer_bid, module, status, progress_pct, created_at, updated_at) VALUES (@uid, '1b448c37f8e949058f0215aa671fe640', @uid, 'leadership', 'assigned', 0, NOW(), NOW());

-- Course 7: 中欧-优质客服
INSERT IGNORE INTO shifu_published_shifus (shifu_bid, title, description, keywords, tts_enabled, llm, llm_temperature, llm_system_prompt, ask_enabled_status, ask_llm, ask_llm_temperature, ask_llm_system_prompt, price, deleted, created_user_bid, avatar_res_bid, created_at, updated_at) VALUES ('d68ab82d938c45be8327fc32e6344597', '中欧-优质客服', '领导力培训视频', '领导力,视频', 1, '', 0.3, '', 5101, '', 0.3, '', 0, 0, @uid, '', NOW(), NOW());
INSERT IGNORE INTO shifu_draft_shifus (shifu_bid, title, description, keywords, tts_enabled, llm, llm_temperature, llm_system_prompt, ask_enabled_status, ask_llm, ask_llm_temperature, ask_llm_system_prompt, price, deleted, created_user_bid, avatar_res_bid, created_at, updated_at) VALUES ('d68ab82d938c45be8327fc32e6344597', '中欧-优质客服', '领导力培训视频', '领导力,视频', 1, '', 0.3, '', 5101, '', 0.3, '', 0, 0, @uid, '', NOW(), NOW());
INSERT IGNORE INTO shifu_published_outline_items (outline_item_bid, shifu_bid, title, type, hidden, parent_bid, position, content, prerequisite_item_bids, llm, llm_temperature, llm_system_prompt, ask_enabled_status, ask_llm, ask_llm_temperature, ask_llm_system_prompt, deleted, created_user_bid, updated_user_bid, created_at, updated_at) VALUES ('chcbefd3eedc92423a8fa48f', 'd68ab82d938c45be8327fc32e6344597', '中欧-优质客服', 400, 0, '', '01', '', '', '', 0.3, '', 5101, '', 0.3, '', 0, @uid, @uid, NOW(), NOW());
INSERT IGNORE INTO shifu_published_outline_items (outline_item_bid, shifu_bid, title, type, hidden, parent_bid, position, content, prerequisite_item_bids, llm, llm_temperature, llm_system_prompt, ask_enabled_status, ask_llm, ask_llm_temperature, ask_llm_system_prompt, deleted, created_user_bid, updated_user_bid, created_at, updated_at) VALUES ('lsd555032d87064c529f0e26', 'd68ab82d938c45be8327fc32e6344597', 'Lesson 01: 中欧-优质客服', 400, 0, 'chcbefd3eedc92423a8fa48f', '0101', '{{video}}\nhttps://video.sysmex.com.cn/c06658ed703471f181045017f0f80102/d01e53e2bd0643ffaf28ff8d23ca13b1-1ea0358468fcb34661d12d861babcd47-sd.m3u8', '', '', 0.3, '', 5101, '', 0.3, '', 0, @uid, @uid, NOW(), NOW());
INSERT IGNORE INTO shifu_draft_outline_items (outline_item_bid, shifu_bid, title, type, hidden, parent_bid, position, content, prerequisite_item_bids, llm, llm_temperature, llm_system_prompt, ask_enabled_status, ask_llm, ask_llm_temperature, ask_llm_system_prompt, deleted, created_user_bid, updated_user_bid, created_at, updated_at) VALUES ('chcbefd3eedc92423a8fa48f', 'd68ab82d938c45be8327fc32e6344597', '中欧-优质客服', 400, 0, '', '01', '', '', '', 0.3, '', 5101, '', 0.3, '', 0, @uid, @uid, NOW(), NOW());
INSERT IGNORE INTO shifu_draft_outline_items (outline_item_bid, shifu_bid, title, type, hidden, parent_bid, position, content, prerequisite_item_bids, llm, llm_temperature, llm_system_prompt, ask_enabled_status, ask_llm, ask_llm_temperature, ask_llm_system_prompt, deleted, created_user_bid, updated_user_bid, created_at, updated_at) VALUES ('lsd555032d87064c529f0e26', 'd68ab82d938c45be8327fc32e6344597', 'Lesson 01: 中欧-优质客服', 400, 0, 'chcbefd3eedc92423a8fa48f', '0101', '{{video}}\nhttps://video.sysmex.com.cn/c06658ed703471f181045017f0f80102/d01e53e2bd0643ffaf28ff8d23ca13b1-1ea0358468fcb34661d12d861babcd47-sd.m3u8', '', '', 0.3, '', 5101, '', 0.3, '', 0, @uid, @uid, NOW(), NOW());
INSERT IGNORE INTO shifu_log_published_structs (shifu_bid, struct, deleted, created_at, updated_at) VALUES ('d68ab82d938c45be8327fc32e6344597', '{"bid":"d68ab82d938c45be8327fc32e6344597","id":999,"type":"shifu","children":[{"bid":"chcbefd3eedc92423a8fa48f","id":999,"type":"outline","children":[{"bid":"lsd555032d87064c529f0e26","id":999,"type":"outline","children":[]}]}]}', 0, NOW(), NOW());
INSERT IGNORE INTO shifu_log_draft_structs (shifu_bid, struct, deleted, created_at, updated_at) VALUES ('d68ab82d938c45be8327fc32e6344597', '{"bid":"d68ab82d938c45be8327fc32e6344597","id":999,"type":"shifu","children":[{"bid":"chcbefd3eedc92423a8fa48f","id":999,"type":"outline","children":[{"bid":"lsd555032d87064c529f0e26","id":999,"type":"outline","children":[]}]}]}', 0, NOW(), NOW());
INSERT IGNORE INTO course_enrollments (user_bid, shifu_bid, trainer_bid, module, status, progress_pct, created_at, updated_at) VALUES (@uid, 'd68ab82d938c45be8327fc32e6344597', @uid, 'leadership', 'assigned', 0, NOW(), NOW());

-- Course 8: 中欧-如何应对客户异议
INSERT IGNORE INTO shifu_published_shifus (shifu_bid, title, description, keywords, tts_enabled, llm, llm_temperature, llm_system_prompt, ask_enabled_status, ask_llm, ask_llm_temperature, ask_llm_system_prompt, price, deleted, created_user_bid, avatar_res_bid, created_at, updated_at) VALUES ('2f8ff686bf684f91818e441d361e6dda', '中欧-如何应对客户异议', '领导力培训视频', '领导力,视频', 1, '', 0.3, '', 5101, '', 0.3, '', 0, 0, @uid, '', NOW(), NOW());
INSERT IGNORE INTO shifu_draft_shifus (shifu_bid, title, description, keywords, tts_enabled, llm, llm_temperature, llm_system_prompt, ask_enabled_status, ask_llm, ask_llm_temperature, ask_llm_system_prompt, price, deleted, created_user_bid, avatar_res_bid, created_at, updated_at) VALUES ('2f8ff686bf684f91818e441d361e6dda', '中欧-如何应对客户异议', '领导力培训视频', '领导力,视频', 1, '', 0.3, '', 5101, '', 0.3, '', 0, 0, @uid, '', NOW(), NOW());
INSERT IGNORE INTO shifu_published_outline_items (outline_item_bid, shifu_bid, title, type, hidden, parent_bid, position, content, prerequisite_item_bids, llm, llm_temperature, llm_system_prompt, ask_enabled_status, ask_llm, ask_llm_temperature, ask_llm_system_prompt, deleted, created_user_bid, updated_user_bid, created_at, updated_at) VALUES ('ch41ab2509166e45ba97db98', '2f8ff686bf684f91818e441d361e6dda', '中欧-如何应对客户异议', 400, 0, '', '01', '', '', '', 0.3, '', 5101, '', 0.3, '', 0, @uid, @uid, NOW(), NOW());
INSERT IGNORE INTO shifu_published_outline_items (outline_item_bid, shifu_bid, title, type, hidden, parent_bid, position, content, prerequisite_item_bids, llm, llm_temperature, llm_system_prompt, ask_enabled_status, ask_llm, ask_llm_temperature, ask_llm_system_prompt, deleted, created_user_bid, updated_user_bid, created_at, updated_at) VALUES ('lsf7ed4b7fa7f44f3bbfbe31', '2f8ff686bf684f91818e441d361e6dda', 'Lesson 01: 中欧-如何应对客户异议', 400, 0, 'ch41ab2509166e45ba97db98', '0101', '{{video}}\nhttps://video.sysmex.com.cn/c063c1e6703471f183144531858c0102/3ef73a112dc94067b6fa7b5f743d9d86-744eae86e0a90c19c249a9dbe546155d-sd.m3u8', '', '', 0.3, '', 5101, '', 0.3, '', 0, @uid, @uid, NOW(), NOW());
INSERT IGNORE INTO shifu_draft_outline_items (outline_item_bid, shifu_bid, title, type, hidden, parent_bid, position, content, prerequisite_item_bids, llm, llm_temperature, llm_system_prompt, ask_enabled_status, ask_llm, ask_llm_temperature, ask_llm_system_prompt, deleted, created_user_bid, updated_user_bid, created_at, updated_at) VALUES ('ch41ab2509166e45ba97db98', '2f8ff686bf684f91818e441d361e6dda', '中欧-如何应对客户异议', 400, 0, '', '01', '', '', '', 0.3, '', 5101, '', 0.3, '', 0, @uid, @uid, NOW(), NOW());
INSERT IGNORE INTO shifu_draft_outline_items (outline_item_bid, shifu_bid, title, type, hidden, parent_bid, position, content, prerequisite_item_bids, llm, llm_temperature, llm_system_prompt, ask_enabled_status, ask_llm, ask_llm_temperature, ask_llm_system_prompt, deleted, created_user_bid, updated_user_bid, created_at, updated_at) VALUES ('lsf7ed4b7fa7f44f3bbfbe31', '2f8ff686bf684f91818e441d361e6dda', 'Lesson 01: 中欧-如何应对客户异议', 400, 0, 'ch41ab2509166e45ba97db98', '0101', '{{video}}\nhttps://video.sysmex.com.cn/c063c1e6703471f183144531858c0102/3ef73a112dc94067b6fa7b5f743d9d86-744eae86e0a90c19c249a9dbe546155d-sd.m3u8', '', '', 0.3, '', 5101, '', 0.3, '', 0, @uid, @uid, NOW(), NOW());
INSERT IGNORE INTO shifu_log_published_structs (shifu_bid, struct, deleted, created_at, updated_at) VALUES ('2f8ff686bf684f91818e441d361e6dda', '{"bid":"2f8ff686bf684f91818e441d361e6dda","id":999,"type":"shifu","children":[{"bid":"ch41ab2509166e45ba97db98","id":999,"type":"outline","children":[{"bid":"lsf7ed4b7fa7f44f3bbfbe31","id":999,"type":"outline","children":[]}]}]}', 0, NOW(), NOW());
INSERT IGNORE INTO shifu_log_draft_structs (shifu_bid, struct, deleted, created_at, updated_at) VALUES ('2f8ff686bf684f91818e441d361e6dda', '{"bid":"2f8ff686bf684f91818e441d361e6dda","id":999,"type":"shifu","children":[{"bid":"ch41ab2509166e45ba97db98","id":999,"type":"outline","children":[{"bid":"lsf7ed4b7fa7f44f3bbfbe31","id":999,"type":"outline","children":[]}]}]}', 0, NOW(), NOW());
INSERT IGNORE INTO course_enrollments (user_bid, shifu_bid, trainer_bid, module, status, progress_pct, created_at, updated_at) VALUES (@uid, '2f8ff686bf684f91818e441d361e6dda', @uid, 'leadership', 'assigned', 0, NOW(), NOW());

-- Course 9: 中欧-让你沟通结构化
INSERT IGNORE INTO shifu_published_shifus (shifu_bid, title, description, keywords, tts_enabled, llm, llm_temperature, llm_system_prompt, ask_enabled_status, ask_llm, ask_llm_temperature, ask_llm_system_prompt, price, deleted, created_user_bid, avatar_res_bid, created_at, updated_at) VALUES ('680b6399bdd746be93dd716e51893618', '中欧-让你沟通结构化', '领导力培训视频', '领导力,视频', 1, '', 0.3, '', 5101, '', 0.3, '', 0, 0, @uid, '', NOW(), NOW());
INSERT IGNORE INTO shifu_draft_shifus (shifu_bid, title, description, keywords, tts_enabled, llm, llm_temperature, llm_system_prompt, ask_enabled_status, ask_llm, ask_llm_temperature, ask_llm_system_prompt, price, deleted, created_user_bid, avatar_res_bid, created_at, updated_at) VALUES ('680b6399bdd746be93dd716e51893618', '中欧-让你沟通结构化', '领导力培训视频', '领导力,视频', 1, '', 0.3, '', 5101, '', 0.3, '', 0, 0, @uid, '', NOW(), NOW());
INSERT IGNORE INTO shifu_published_outline_items (outline_item_bid, shifu_bid, title, type, hidden, parent_bid, position, content, prerequisite_item_bids, llm, llm_temperature, llm_system_prompt, ask_enabled_status, ask_llm, ask_llm_temperature, ask_llm_system_prompt, deleted, created_user_bid, updated_user_bid, created_at, updated_at) VALUES ('che9f8d7caaeee426db06c5f', '680b6399bdd746be93dd716e51893618', '中欧-让你沟通结构化', 400, 0, '', '01', '', '', '', 0.3, '', 5101, '', 0.3, '', 0, @uid, @uid, NOW(), NOW());
INSERT IGNORE INTO shifu_published_outline_items (outline_item_bid, shifu_bid, title, type, hidden, parent_bid, position, content, prerequisite_item_bids, llm, llm_temperature, llm_system_prompt, ask_enabled_status, ask_llm, ask_llm_temperature, ask_llm_system_prompt, deleted, created_user_bid, updated_user_bid, created_at, updated_at) VALUES ('lsb7ffc200e0c7440d898f5a', '680b6399bdd746be93dd716e51893618', 'Lesson 01: 中欧-让你沟通结构化', 400, 0, 'che9f8d7caaeee426db06c5f', '0101', '{{video}}\nhttps://video.sysmex.com.cn/808fd1c2703471f188086733a78e0102/9e51836496d34b62be372b30289afbb0-15b5dcf9e13603f3375335b90ff61fdb-sd.m3u8', '', '', 0.3, '', 5101, '', 0.3, '', 0, @uid, @uid, NOW(), NOW());
INSERT IGNORE INTO shifu_draft_outline_items (outline_item_bid, shifu_bid, title, type, hidden, parent_bid, position, content, prerequisite_item_bids, llm, llm_temperature, llm_system_prompt, ask_enabled_status, ask_llm, ask_llm_temperature, ask_llm_system_prompt, deleted, created_user_bid, updated_user_bid, created_at, updated_at) VALUES ('che9f8d7caaeee426db06c5f', '680b6399bdd746be93dd716e51893618', '中欧-让你沟通结构化', 400, 0, '', '01', '', '', '', 0.3, '', 5101, '', 0.3, '', 0, @uid, @uid, NOW(), NOW());
INSERT IGNORE INTO shifu_draft_outline_items (outline_item_bid, shifu_bid, title, type, hidden, parent_bid, position, content, prerequisite_item_bids, llm, llm_temperature, llm_system_prompt, ask_enabled_status, ask_llm, ask_llm_temperature, ask_llm_system_prompt, deleted, created_user_bid, updated_user_bid, created_at, updated_at) VALUES ('lsb7ffc200e0c7440d898f5a', '680b6399bdd746be93dd716e51893618', 'Lesson 01: 中欧-让你沟通结构化', 400, 0, 'che9f8d7caaeee426db06c5f', '0101', '{{video}}\nhttps://video.sysmex.com.cn/808fd1c2703471f188086733a78e0102/9e51836496d34b62be372b30289afbb0-15b5dcf9e13603f3375335b90ff61fdb-sd.m3u8', '', '', 0.3, '', 5101, '', 0.3, '', 0, @uid, @uid, NOW(), NOW());
INSERT IGNORE INTO shifu_log_published_structs (shifu_bid, struct, deleted, created_at, updated_at) VALUES ('680b6399bdd746be93dd716e51893618', '{"bid":"680b6399bdd746be93dd716e51893618","id":999,"type":"shifu","children":[{"bid":"che9f8d7caaeee426db06c5f","id":999,"type":"outline","children":[{"bid":"lsb7ffc200e0c7440d898f5a","id":999,"type":"outline","children":[]}]}]}', 0, NOW(), NOW());
INSERT IGNORE INTO shifu_log_draft_structs (shifu_bid, struct, deleted, created_at, updated_at) VALUES ('680b6399bdd746be93dd716e51893618', '{"bid":"680b6399bdd746be93dd716e51893618","id":999,"type":"shifu","children":[{"bid":"che9f8d7caaeee426db06c5f","id":999,"type":"outline","children":[{"bid":"lsb7ffc200e0c7440d898f5a","id":999,"type":"outline","children":[]}]}]}', 0, NOW(), NOW());
INSERT IGNORE INTO course_enrollments (user_bid, shifu_bid, trainer_bid, module, status, progress_pct, created_at, updated_at) VALUES (@uid, '680b6399bdd746be93dd716e51893618', @uid, 'leadership', 'assigned', 0, NOW(), NOW());

-- Course 10: 中欧-培训测评-五步法策略
INSERT IGNORE INTO shifu_published_shifus (shifu_bid, title, description, keywords, tts_enabled, llm, llm_temperature, llm_system_prompt, ask_enabled_status, ask_llm, ask_llm_temperature, ask_llm_system_prompt, price, deleted, created_user_bid, avatar_res_bid, created_at, updated_at) VALUES ('5365835c14034a698a15aaccd543fadf', '中欧-培训测评-五步法策略', '领导力培训视频', '领导力,视频', 1, '', 0.3, '', 5101, '', 0.3, '', 0, 0, @uid, '', NOW(), NOW());
INSERT IGNORE INTO shifu_draft_shifus (shifu_bid, title, description, keywords, tts_enabled, llm, llm_temperature, llm_system_prompt, ask_enabled_status, ask_llm, ask_llm_temperature, ask_llm_system_prompt, price, deleted, created_user_bid, avatar_res_bid, created_at, updated_at) VALUES ('5365835c14034a698a15aaccd543fadf', '中欧-培训测评-五步法策略', '领导力培训视频', '领导力,视频', 1, '', 0.3, '', 5101, '', 0.3, '', 0, 0, @uid, '', NOW(), NOW());
INSERT IGNORE INTO shifu_published_outline_items (outline_item_bid, shifu_bid, title, type, hidden, parent_bid, position, content, prerequisite_item_bids, llm, llm_temperature, llm_system_prompt, ask_enabled_status, ask_llm, ask_llm_temperature, ask_llm_system_prompt, deleted, created_user_bid, updated_user_bid, created_at, updated_at) VALUES ('ch20c6c79c192e487aaca424', '5365835c14034a698a15aaccd543fadf', '中欧-培训测评-五步法策略', 400, 0, '', '01', '', '', '', 0.3, '', 5101, '', 0.3, '', 0, @uid, @uid, NOW(), NOW());
INSERT IGNORE INTO shifu_published_outline_items (outline_item_bid, shifu_bid, title, type, hidden, parent_bid, position, content, prerequisite_item_bids, llm, llm_temperature, llm_system_prompt, ask_enabled_status, ask_llm, ask_llm_temperature, ask_llm_system_prompt, deleted, created_user_bid, updated_user_bid, created_at, updated_at) VALUES ('ls5618be7d3d39476a87ea84', '5365835c14034a698a15aaccd543fadf', 'Lesson 01: 中欧-培训测评-五步法策略', 400, 0, 'ch20c6c79c192e487aaca424', '0101', '{{video}}\nhttps://video.sysmex.com.cn/4064d3c2703471f191dc4531859c0102/389d892933f746a59d053192b4a87526-d262b92e09a5bdabb6e8e15453e649c9-sd.m3u8', '', '', 0.3, '', 5101, '', 0.3, '', 0, @uid, @uid, NOW(), NOW());
INSERT IGNORE INTO shifu_draft_outline_items (outline_item_bid, shifu_bid, title, type, hidden, parent_bid, position, content, prerequisite_item_bids, llm, llm_temperature, llm_system_prompt, ask_enabled_status, ask_llm, ask_llm_temperature, ask_llm_system_prompt, deleted, created_user_bid, updated_user_bid, created_at, updated_at) VALUES ('ch20c6c79c192e487aaca424', '5365835c14034a698a15aaccd543fadf', '中欧-培训测评-五步法策略', 400, 0, '', '01', '', '', '', 0.3, '', 5101, '', 0.3, '', 0, @uid, @uid, NOW(), NOW());
INSERT IGNORE INTO shifu_draft_outline_items (outline_item_bid, shifu_bid, title, type, hidden, parent_bid, position, content, prerequisite_item_bids, llm, llm_temperature, llm_system_prompt, ask_enabled_status, ask_llm, ask_llm_temperature, ask_llm_system_prompt, deleted, created_user_bid, updated_user_bid, created_at, updated_at) VALUES ('ls5618be7d3d39476a87ea84', '5365835c14034a698a15aaccd543fadf', 'Lesson 01: 中欧-培训测评-五步法策略', 400, 0, 'ch20c6c79c192e487aaca424', '0101', '{{video}}\nhttps://video.sysmex.com.cn/4064d3c2703471f191dc4531859c0102/389d892933f746a59d053192b4a87526-d262b92e09a5bdabb6e8e15453e649c9-sd.m3u8', '', '', 0.3, '', 5101, '', 0.3, '', 0, @uid, @uid, NOW(), NOW());
INSERT IGNORE INTO shifu_log_published_structs (shifu_bid, struct, deleted, created_at, updated_at) VALUES ('5365835c14034a698a15aaccd543fadf', '{"bid":"5365835c14034a698a15aaccd543fadf","id":999,"type":"shifu","children":[{"bid":"ch20c6c79c192e487aaca424","id":999,"type":"outline","children":[{"bid":"ls5618be7d3d39476a87ea84","id":999,"type":"outline","children":[]}]}]}', 0, NOW(), NOW());
INSERT IGNORE INTO shifu_log_draft_structs (shifu_bid, struct, deleted, created_at, updated_at) VALUES ('5365835c14034a698a15aaccd543fadf', '{"bid":"5365835c14034a698a15aaccd543fadf","id":999,"type":"shifu","children":[{"bid":"ch20c6c79c192e487aaca424","id":999,"type":"outline","children":[{"bid":"ls5618be7d3d39476a87ea84","id":999,"type":"outline","children":[]}]}]}', 0, NOW(), NOW());
INSERT IGNORE INTO course_enrollments (user_bid, shifu_bid, trainer_bid, module, status, progress_pct, created_at, updated_at) VALUES (@uid, '5365835c14034a698a15aaccd543fadf', @uid, 'leadership', 'assigned', 0, NOW(), NOW());

-- Course 11: 中欧-培训测评-了解你的思维
INSERT IGNORE INTO shifu_published_shifus (shifu_bid, title, description, keywords, tts_enabled, llm, llm_temperature, llm_system_prompt, ask_enabled_status, ask_llm, ask_llm_temperature, ask_llm_system_prompt, price, deleted, created_user_bid, avatar_res_bid, created_at, updated_at) VALUES ('beb7a6988e0d4627971184159abc7ff3', '中欧-培训测评-了解你的思维', '领导力培训视频', '领导力,视频', 1, '', 0.3, '', 5101, '', 0.3, '', 0, 0, @uid, '', NOW(), NOW());
INSERT IGNORE INTO shifu_draft_shifus (shifu_bid, title, description, keywords, tts_enabled, llm, llm_temperature, llm_system_prompt, ask_enabled_status, ask_llm, ask_llm_temperature, ask_llm_system_prompt, price, deleted, created_user_bid, avatar_res_bid, created_at, updated_at) VALUES ('beb7a6988e0d4627971184159abc7ff3', '中欧-培训测评-了解你的思维', '领导力培训视频', '领导力,视频', 1, '', 0.3, '', 5101, '', 0.3, '', 0, 0, @uid, '', NOW(), NOW());
INSERT IGNORE INTO shifu_published_outline_items (outline_item_bid, shifu_bid, title, type, hidden, parent_bid, position, content, prerequisite_item_bids, llm, llm_temperature, llm_system_prompt, ask_enabled_status, ask_llm, ask_llm_temperature, ask_llm_system_prompt, deleted, created_user_bid, updated_user_bid, created_at, updated_at) VALUES ('ch0b87381fae524a69b6f03e', 'beb7a6988e0d4627971184159abc7ff3', '中欧-培训测评-了解你的思维', 400, 0, '', '01', '', '', '', 0.3, '', 5101, '', 0.3, '', 0, @uid, @uid, NOW(), NOW());
INSERT IGNORE INTO shifu_published_outline_items (outline_item_bid, shifu_bid, title, type, hidden, parent_bid, position, content, prerequisite_item_bids, llm, llm_temperature, llm_system_prompt, ask_enabled_status, ask_llm, ask_llm_temperature, ask_llm_system_prompt, deleted, created_user_bid, updated_user_bid, created_at, updated_at) VALUES ('ls3918b2d30578459697735b', 'beb7a6988e0d4627971184159abc7ff3', 'Lesson 01: 中欧-培训测评-了解你的思维', 400, 0, 'ch0b87381fae524a69b6f03e', '0101', '{{video}}\nhttps://video.sysmex.com.cn/d052d2c2703471f188086733a78e0102/437c63b73a4c45c78d17994ca0d358b5-ea77aa9fb99716a8903a460b1e8299dd-sd.m3u8', '', '', 0.3, '', 5101, '', 0.3, '', 0, @uid, @uid, NOW(), NOW());
INSERT IGNORE INTO shifu_draft_outline_items (outline_item_bid, shifu_bid, title, type, hidden, parent_bid, position, content, prerequisite_item_bids, llm, llm_temperature, llm_system_prompt, ask_enabled_status, ask_llm, ask_llm_temperature, ask_llm_system_prompt, deleted, created_user_bid, updated_user_bid, created_at, updated_at) VALUES ('ch0b87381fae524a69b6f03e', 'beb7a6988e0d4627971184159abc7ff3', '中欧-培训测评-了解你的思维', 400, 0, '', '01', '', '', '', 0.3, '', 5101, '', 0.3, '', 0, @uid, @uid, NOW(), NOW());
INSERT IGNORE INTO shifu_draft_outline_items (outline_item_bid, shifu_bid, title, type, hidden, parent_bid, position, content, prerequisite_item_bids, llm, llm_temperature, llm_system_prompt, ask_enabled_status, ask_llm, ask_llm_temperature, ask_llm_system_prompt, deleted, created_user_bid, updated_user_bid, created_at, updated_at) VALUES ('ls3918b2d30578459697735b', 'beb7a6988e0d4627971184159abc7ff3', 'Lesson 01: 中欧-培训测评-了解你的思维', 400, 0, 'ch0b87381fae524a69b6f03e', '0101', '{{video}}\nhttps://video.sysmex.com.cn/d052d2c2703471f188086733a78e0102/437c63b73a4c45c78d17994ca0d358b5-ea77aa9fb99716a8903a460b1e8299dd-sd.m3u8', '', '', 0.3, '', 5101, '', 0.3, '', 0, @uid, @uid, NOW(), NOW());
INSERT IGNORE INTO shifu_log_published_structs (shifu_bid, struct, deleted, created_at, updated_at) VALUES ('beb7a6988e0d4627971184159abc7ff3', '{"bid":"beb7a6988e0d4627971184159abc7ff3","id":999,"type":"shifu","children":[{"bid":"ch0b87381fae524a69b6f03e","id":999,"type":"outline","children":[{"bid":"ls3918b2d30578459697735b","id":999,"type":"outline","children":[]}]}]}', 0, NOW(), NOW());
INSERT IGNORE INTO shifu_log_draft_structs (shifu_bid, struct, deleted, created_at, updated_at) VALUES ('beb7a6988e0d4627971184159abc7ff3', '{"bid":"beb7a6988e0d4627971184159abc7ff3","id":999,"type":"shifu","children":[{"bid":"ch0b87381fae524a69b6f03e","id":999,"type":"outline","children":[{"bid":"ls3918b2d30578459697735b","id":999,"type":"outline","children":[]}]}]}', 0, NOW(), NOW());
INSERT IGNORE INTO course_enrollments (user_bid, shifu_bid, trainer_bid, module, status, progress_pct, created_at, updated_at) VALUES (@uid, 'beb7a6988e0d4627971184159abc7ff3', @uid, 'leadership', 'assigned', 0, NOW(), NOW());

-- Course 12: 中欧-如何使用思维导图
INSERT IGNORE INTO shifu_published_shifus (shifu_bid, title, description, keywords, tts_enabled, llm, llm_temperature, llm_system_prompt, ask_enabled_status, ask_llm, ask_llm_temperature, ask_llm_system_prompt, price, deleted, created_user_bid, avatar_res_bid, created_at, updated_at) VALUES ('22aeb5e2ca8d43c687b9871440042059', '中欧-如何使用思维导图', '领导力培训视频', '领导力,视频', 1, '', 0.3, '', 5101, '', 0.3, '', 0, 0, @uid, '', NOW(), NOW());
INSERT IGNORE INTO shifu_draft_shifus (shifu_bid, title, description, keywords, tts_enabled, llm, llm_temperature, llm_system_prompt, ask_enabled_status, ask_llm, ask_llm_temperature, ask_llm_system_prompt, price, deleted, created_user_bid, avatar_res_bid, created_at, updated_at) VALUES ('22aeb5e2ca8d43c687b9871440042059', '中欧-如何使用思维导图', '领导力培训视频', '领导力,视频', 1, '', 0.3, '', 5101, '', 0.3, '', 0, 0, @uid, '', NOW(), NOW());
INSERT IGNORE INTO shifu_published_outline_items (outline_item_bid, shifu_bid, title, type, hidden, parent_bid, position, content, prerequisite_item_bids, llm, llm_temperature, llm_system_prompt, ask_enabled_status, ask_llm, ask_llm_temperature, ask_llm_system_prompt, deleted, created_user_bid, updated_user_bid, created_at, updated_at) VALUES ('cha5bc62e8ba4b4029998f65', '22aeb5e2ca8d43c687b9871440042059', '中欧-如何使用思维导图', 400, 0, '', '01', '', '', '', 0.3, '', 5101, '', 0.3, '', 0, @uid, @uid, NOW(), NOW());
INSERT IGNORE INTO shifu_published_outline_items (outline_item_bid, shifu_bid, title, type, hidden, parent_bid, position, content, prerequisite_item_bids, llm, llm_temperature, llm_system_prompt, ask_enabled_status, ask_llm, ask_llm_temperature, ask_llm_system_prompt, deleted, created_user_bid, updated_user_bid, created_at, updated_at) VALUES ('ls6e47ad017bc04aec9ef4cb', '22aeb5e2ca8d43c687b9871440042059', 'Lesson 01: 中欧-如何使用思维导图', 400, 0, 'cha5bc62e8ba4b4029998f65', '0101', '{{video}}\nhttps://video.sysmex.com.cn/d0e1cfc2703471f19cd36723b78e0102/888478ed24134eea979ea6162c07701c-1a14eb37f6a038926c21078939f6180b-sd.m3u8', '', '', 0.3, '', 5101, '', 0.3, '', 0, @uid, @uid, NOW(), NOW());
INSERT IGNORE INTO shifu_draft_outline_items (outline_item_bid, shifu_bid, title, type, hidden, parent_bid, position, content, prerequisite_item_bids, llm, llm_temperature, llm_system_prompt, ask_enabled_status, ask_llm, ask_llm_temperature, ask_llm_system_prompt, deleted, created_user_bid, updated_user_bid, created_at, updated_at) VALUES ('cha5bc62e8ba4b4029998f65', '22aeb5e2ca8d43c687b9871440042059', '中欧-如何使用思维导图', 400, 0, '', '01', '', '', '', 0.3, '', 5101, '', 0.3, '', 0, @uid, @uid, NOW(), NOW());
INSERT IGNORE INTO shifu_draft_outline_items (outline_item_bid, shifu_bid, title, type, hidden, parent_bid, position, content, prerequisite_item_bids, llm, llm_temperature, llm_system_prompt, ask_enabled_status, ask_llm, ask_llm_temperature, ask_llm_system_prompt, deleted, created_user_bid, updated_user_bid, created_at, updated_at) VALUES ('ls6e47ad017bc04aec9ef4cb', '22aeb5e2ca8d43c687b9871440042059', 'Lesson 01: 中欧-如何使用思维导图', 400, 0, 'cha5bc62e8ba4b4029998f65', '0101', '{{video}}\nhttps://video.sysmex.com.cn/d0e1cfc2703471f19cd36723b78e0102/888478ed24134eea979ea6162c07701c-1a14eb37f6a038926c21078939f6180b-sd.m3u8', '', '', 0.3, '', 5101, '', 0.3, '', 0, @uid, @uid, NOW(), NOW());
INSERT IGNORE INTO shifu_log_published_structs (shifu_bid, struct, deleted, created_at, updated_at) VALUES ('22aeb5e2ca8d43c687b9871440042059', '{"bid":"22aeb5e2ca8d43c687b9871440042059","id":999,"type":"shifu","children":[{"bid":"cha5bc62e8ba4b4029998f65","id":999,"type":"outline","children":[{"bid":"ls6e47ad017bc04aec9ef4cb","id":999,"type":"outline","children":[]}]}]}', 0, NOW(), NOW());
INSERT IGNORE INTO shifu_log_draft_structs (shifu_bid, struct, deleted, created_at, updated_at) VALUES ('22aeb5e2ca8d43c687b9871440042059', '{"bid":"22aeb5e2ca8d43c687b9871440042059","id":999,"type":"shifu","children":[{"bid":"cha5bc62e8ba4b4029998f65","id":999,"type":"outline","children":[{"bid":"ls6e47ad017bc04aec9ef4cb","id":999,"type":"outline","children":[]}]}]}', 0, NOW(), NOW());
INSERT IGNORE INTO course_enrollments (user_bid, shifu_bid, trainer_bid, module, status, progress_pct, created_at, updated_at) VALUES (@uid, '22aeb5e2ca8d43c687b9871440042059', @uid, 'leadership', 'assigned', 0, NOW(), NOW());

-- Course 13: 中欧-如何形成有力论据
INSERT IGNORE INTO shifu_published_shifus (shifu_bid, title, description, keywords, tts_enabled, llm, llm_temperature, llm_system_prompt, ask_enabled_status, ask_llm, ask_llm_temperature, ask_llm_system_prompt, price, deleted, created_user_bid, avatar_res_bid, created_at, updated_at) VALUES ('4b34e51dfc42495a9e7056473bd84571', '中欧-如何形成有力论据', '领导力培训视频', '领导力,视频', 1, '', 0.3, '', 5101, '', 0.3, '', 0, 0, @uid, '', NOW(), NOW());
INSERT IGNORE INTO shifu_draft_shifus (shifu_bid, title, description, keywords, tts_enabled, llm, llm_temperature, llm_system_prompt, ask_enabled_status, ask_llm, ask_llm_temperature, ask_llm_system_prompt, price, deleted, created_user_bid, avatar_res_bid, created_at, updated_at) VALUES ('4b34e51dfc42495a9e7056473bd84571', '中欧-如何形成有力论据', '领导力培训视频', '领导力,视频', 1, '', 0.3, '', 5101, '', 0.3, '', 0, 0, @uid, '', NOW(), NOW());
INSERT IGNORE INTO shifu_published_outline_items (outline_item_bid, shifu_bid, title, type, hidden, parent_bid, position, content, prerequisite_item_bids, llm, llm_temperature, llm_system_prompt, ask_enabled_status, ask_llm, ask_llm_temperature, ask_llm_system_prompt, deleted, created_user_bid, updated_user_bid, created_at, updated_at) VALUES ('chfa4a04088ea945f698896c', '4b34e51dfc42495a9e7056473bd84571', '中欧-如何形成有力论据', 400, 0, '', '01', '', '', '', 0.3, '', 5101, '', 0.3, '', 0, @uid, @uid, NOW(), NOW());
INSERT IGNORE INTO shifu_published_outline_items (outline_item_bid, shifu_bid, title, type, hidden, parent_bid, position, content, prerequisite_item_bids, llm, llm_temperature, llm_system_prompt, ask_enabled_status, ask_llm, ask_llm_temperature, ask_llm_system_prompt, deleted, created_user_bid, updated_user_bid, created_at, updated_at) VALUES ('ls90656c5ee71442ef8b6191', '4b34e51dfc42495a9e7056473bd84571', 'Lesson 01: 中欧-如何形成有力论据', 400, 0, 'chfa4a04088ea945f698896c', '0101', '{{video}}\nhttps://video.sysmex.com.cn/f0a0d2c2703471f183556732b78e0102/d7f6d4aea8a942aca777c463bf32ff95-b22078acb17dd30bf55ecf953a2b2ab5-sd.m3u8', '', '', 0.3, '', 5101, '', 0.3, '', 0, @uid, @uid, NOW(), NOW());
INSERT IGNORE INTO shifu_draft_outline_items (outline_item_bid, shifu_bid, title, type, hidden, parent_bid, position, content, prerequisite_item_bids, llm, llm_temperature, llm_system_prompt, ask_enabled_status, ask_llm, ask_llm_temperature, ask_llm_system_prompt, deleted, created_user_bid, updated_user_bid, created_at, updated_at) VALUES ('chfa4a04088ea945f698896c', '4b34e51dfc42495a9e7056473bd84571', '中欧-如何形成有力论据', 400, 0, '', '01', '', '', '', 0.3, '', 5101, '', 0.3, '', 0, @uid, @uid, NOW(), NOW());
INSERT IGNORE INTO shifu_draft_outline_items (outline_item_bid, shifu_bid, title, type, hidden, parent_bid, position, content, prerequisite_item_bids, llm, llm_temperature, llm_system_prompt, ask_enabled_status, ask_llm, ask_llm_temperature, ask_llm_system_prompt, deleted, created_user_bid, updated_user_bid, created_at, updated_at) VALUES ('ls90656c5ee71442ef8b6191', '4b34e51dfc42495a9e7056473bd84571', 'Lesson 01: 中欧-如何形成有力论据', 400, 0, 'chfa4a04088ea945f698896c', '0101', '{{video}}\nhttps://video.sysmex.com.cn/f0a0d2c2703471f183556732b78e0102/d7f6d4aea8a942aca777c463bf32ff95-b22078acb17dd30bf55ecf953a2b2ab5-sd.m3u8', '', '', 0.3, '', 5101, '', 0.3, '', 0, @uid, @uid, NOW(), NOW());
INSERT IGNORE INTO shifu_log_published_structs (shifu_bid, struct, deleted, created_at, updated_at) VALUES ('4b34e51dfc42495a9e7056473bd84571', '{"bid":"4b34e51dfc42495a9e7056473bd84571","id":999,"type":"shifu","children":[{"bid":"chfa4a04088ea945f698896c","id":999,"type":"outline","children":[{"bid":"ls90656c5ee71442ef8b6191","id":999,"type":"outline","children":[]}]}]}', 0, NOW(), NOW());
INSERT IGNORE INTO shifu_log_draft_structs (shifu_bid, struct, deleted, created_at, updated_at) VALUES ('4b34e51dfc42495a9e7056473bd84571', '{"bid":"4b34e51dfc42495a9e7056473bd84571","id":999,"type":"shifu","children":[{"bid":"chfa4a04088ea945f698896c","id":999,"type":"outline","children":[{"bid":"ls90656c5ee71442ef8b6191","id":999,"type":"outline","children":[]}]}]}', 0, NOW(), NOW());
INSERT IGNORE INTO course_enrollments (user_bid, shifu_bid, trainer_bid, module, status, progress_pct, created_at, updated_at) VALUES (@uid, '4b34e51dfc42495a9e7056473bd84571', @uid, 'leadership', 'assigned', 0, NOW(), NOW());

-- Course 14: 绩效跟踪与评估
INSERT IGNORE INTO shifu_published_shifus (shifu_bid, title, description, keywords, tts_enabled, llm, llm_temperature, llm_system_prompt, ask_enabled_status, ask_llm, ask_llm_temperature, ask_llm_system_prompt, price, deleted, created_user_bid, avatar_res_bid, created_at, updated_at) VALUES ('dd23ba56e1804ae5826e0f26ddc1c40c', '绩效跟踪与评估', '领导力培训视频', '领导力,视频', 1, '', 0.3, '', 5101, '', 0.3, '', 0, 0, @uid, '', NOW(), NOW());
INSERT IGNORE INTO shifu_draft_shifus (shifu_bid, title, description, keywords, tts_enabled, llm, llm_temperature, llm_system_prompt, ask_enabled_status, ask_llm, ask_llm_temperature, ask_llm_system_prompt, price, deleted, created_user_bid, avatar_res_bid, created_at, updated_at) VALUES ('dd23ba56e1804ae5826e0f26ddc1c40c', '绩效跟踪与评估', '领导力培训视频', '领导力,视频', 1, '', 0.3, '', 5101, '', 0.3, '', 0, 0, @uid, '', NOW(), NOW());
INSERT IGNORE INTO shifu_published_outline_items (outline_item_bid, shifu_bid, title, type, hidden, parent_bid, position, content, prerequisite_item_bids, llm, llm_temperature, llm_system_prompt, ask_enabled_status, ask_llm, ask_llm_temperature, ask_llm_system_prompt, deleted, created_user_bid, updated_user_bid, created_at, updated_at) VALUES ('ch1a7af37cd11c44faab5fb2', 'dd23ba56e1804ae5826e0f26ddc1c40c', '绩效跟踪与评估', 400, 0, '', '01', '', '', '', 0.3, '', 5101, '', 0.3, '', 0, @uid, @uid, NOW(), NOW());
INSERT IGNORE INTO shifu_published_outline_items (outline_item_bid, shifu_bid, title, type, hidden, parent_bid, position, content, prerequisite_item_bids, llm, llm_temperature, llm_system_prompt, ask_enabled_status, ask_llm, ask_llm_temperature, ask_llm_system_prompt, deleted, created_user_bid, updated_user_bid, created_at, updated_at) VALUES ('ls4270a7f357a34de7aad7a2', 'dd23ba56e1804ae5826e0f26ddc1c40c', 'Lesson 01: 绩效跟踪与评估', 400, 0, 'ch1a7af37cd11c44faab5fb2', '0101', '{{video}}\nhttps://video.sysmex.com.cn/309300995efb71f19b676633b79f0102/89bf17e1061c4cb197855560767679f5-5646d5e358b76ae084ebfe07e503b57b-sd.m3u8', '', '', 0.3, '', 5101, '', 0.3, '', 0, @uid, @uid, NOW(), NOW());
INSERT IGNORE INTO shifu_draft_outline_items (outline_item_bid, shifu_bid, title, type, hidden, parent_bid, position, content, prerequisite_item_bids, llm, llm_temperature, llm_system_prompt, ask_enabled_status, ask_llm, ask_llm_temperature, ask_llm_system_prompt, deleted, created_user_bid, updated_user_bid, created_at, updated_at) VALUES ('ch1a7af37cd11c44faab5fb2', 'dd23ba56e1804ae5826e0f26ddc1c40c', '绩效跟踪与评估', 400, 0, '', '01', '', '', '', 0.3, '', 5101, '', 0.3, '', 0, @uid, @uid, NOW(), NOW());
INSERT IGNORE INTO shifu_draft_outline_items (outline_item_bid, shifu_bid, title, type, hidden, parent_bid, position, content, prerequisite_item_bids, llm, llm_temperature, llm_system_prompt, ask_enabled_status, ask_llm, ask_llm_temperature, ask_llm_system_prompt, deleted, created_user_bid, updated_user_bid, created_at, updated_at) VALUES ('ls4270a7f357a34de7aad7a2', 'dd23ba56e1804ae5826e0f26ddc1c40c', 'Lesson 01: 绩效跟踪与评估', 400, 0, 'ch1a7af37cd11c44faab5fb2', '0101', '{{video}}\nhttps://video.sysmex.com.cn/309300995efb71f19b676633b79f0102/89bf17e1061c4cb197855560767679f5-5646d5e358b76ae084ebfe07e503b57b-sd.m3u8', '', '', 0.3, '', 5101, '', 0.3, '', 0, @uid, @uid, NOW(), NOW());
INSERT IGNORE INTO shifu_log_published_structs (shifu_bid, struct, deleted, created_at, updated_at) VALUES ('dd23ba56e1804ae5826e0f26ddc1c40c', '{"bid":"dd23ba56e1804ae5826e0f26ddc1c40c","id":999,"type":"shifu","children":[{"bid":"ch1a7af37cd11c44faab5fb2","id":999,"type":"outline","children":[{"bid":"ls4270a7f357a34de7aad7a2","id":999,"type":"outline","children":[]}]}]}', 0, NOW(), NOW());
INSERT IGNORE INTO shifu_log_draft_structs (shifu_bid, struct, deleted, created_at, updated_at) VALUES ('dd23ba56e1804ae5826e0f26ddc1c40c', '{"bid":"dd23ba56e1804ae5826e0f26ddc1c40c","id":999,"type":"shifu","children":[{"bid":"ch1a7af37cd11c44faab5fb2","id":999,"type":"outline","children":[{"bid":"ls4270a7f357a34de7aad7a2","id":999,"type":"outline","children":[]}]}]}', 0, NOW(), NOW());
INSERT IGNORE INTO course_enrollments (user_bid, shifu_bid, trainer_bid, module, status, progress_pct, created_at, updated_at) VALUES (@uid, 'dd23ba56e1804ae5826e0f26ddc1c40c', @uid, 'leadership', 'assigned', 0, NOW(), NOW());

-- Course 15: AI新经理操作指南
INSERT IGNORE INTO shifu_published_shifus (shifu_bid, title, description, keywords, tts_enabled, llm, llm_temperature, llm_system_prompt, ask_enabled_status, ask_llm, ask_llm_temperature, ask_llm_system_prompt, price, deleted, created_user_bid, avatar_res_bid, created_at, updated_at) VALUES ('4e556101e6c443d990251408cae9c4e1', 'AI新经理操作指南', '领导力培训视频', '领导力,视频', 1, '', 0.3, '', 5101, '', 0.3, '', 0, 0, @uid, '', NOW(), NOW());
INSERT IGNORE INTO shifu_draft_shifus (shifu_bid, title, description, keywords, tts_enabled, llm, llm_temperature, llm_system_prompt, ask_enabled_status, ask_llm, ask_llm_temperature, ask_llm_system_prompt, price, deleted, created_user_bid, avatar_res_bid, created_at, updated_at) VALUES ('4e556101e6c443d990251408cae9c4e1', 'AI新经理操作指南', '领导力培训视频', '领导力,视频', 1, '', 0.3, '', 5101, '', 0.3, '', 0, 0, @uid, '', NOW(), NOW());
INSERT IGNORE INTO shifu_published_outline_items (outline_item_bid, shifu_bid, title, type, hidden, parent_bid, position, content, prerequisite_item_bids, llm, llm_temperature, llm_system_prompt, ask_enabled_status, ask_llm, ask_llm_temperature, ask_llm_system_prompt, deleted, created_user_bid, updated_user_bid, created_at, updated_at) VALUES ('chb8918949db6d4bdfb728a6', '4e556101e6c443d990251408cae9c4e1', 'AI新经理操作指南', 400, 0, '', '01', '', '', '', 0.3, '', 5101, '', 0.3, '', 0, @uid, @uid, NOW(), NOW());
INSERT IGNORE INTO shifu_published_outline_items (outline_item_bid, shifu_bid, title, type, hidden, parent_bid, position, content, prerequisite_item_bids, llm, llm_temperature, llm_system_prompt, ask_enabled_status, ask_llm, ask_llm_temperature, ask_llm_system_prompt, deleted, created_user_bid, updated_user_bid, created_at, updated_at) VALUES ('ls67194b8bea6a4f6986d69c', '4e556101e6c443d990251408cae9c4e1', 'Lesson 01: AI新经理操作指南', 400, 0, 'chb8918949db6d4bdfb728a6', '0101', '{{video}}\nhttps://video.sysmex.com.cn/e0b104995efb71f19a386723b78e0102/4c89602b8f214c7f9e81c4f0e586a194-83e944bc1b838cf91f624550f3da07cb-sd.m3u8', '', '', 0.3, '', 5101, '', 0.3, '', 0, @uid, @uid, NOW(), NOW());
INSERT IGNORE INTO shifu_draft_outline_items (outline_item_bid, shifu_bid, title, type, hidden, parent_bid, position, content, prerequisite_item_bids, llm, llm_temperature, llm_system_prompt, ask_enabled_status, ask_llm, ask_llm_temperature, ask_llm_system_prompt, deleted, created_user_bid, updated_user_bid, created_at, updated_at) VALUES ('chb8918949db6d4bdfb728a6', '4e556101e6c443d990251408cae9c4e1', 'AI新经理操作指南', 400, 0, '', '01', '', '', '', 0.3, '', 5101, '', 0.3, '', 0, @uid, @uid, NOW(), NOW());
INSERT IGNORE INTO shifu_draft_outline_items (outline_item_bid, shifu_bid, title, type, hidden, parent_bid, position, content, prerequisite_item_bids, llm, llm_temperature, llm_system_prompt, ask_enabled_status, ask_llm, ask_llm_temperature, ask_llm_system_prompt, deleted, created_user_bid, updated_user_bid, created_at, updated_at) VALUES ('ls67194b8bea6a4f6986d69c', '4e556101e6c443d990251408cae9c4e1', 'Lesson 01: AI新经理操作指南', 400, 0, 'chb8918949db6d4bdfb728a6', '0101', '{{video}}\nhttps://video.sysmex.com.cn/e0b104995efb71f19a386723b78e0102/4c89602b8f214c7f9e81c4f0e586a194-83e944bc1b838cf91f624550f3da07cb-sd.m3u8', '', '', 0.3, '', 5101, '', 0.3, '', 0, @uid, @uid, NOW(), NOW());
INSERT IGNORE INTO shifu_log_published_structs (shifu_bid, struct, deleted, created_at, updated_at) VALUES ('4e556101e6c443d990251408cae9c4e1', '{"bid":"4e556101e6c443d990251408cae9c4e1","id":999,"type":"shifu","children":[{"bid":"chb8918949db6d4bdfb728a6","id":999,"type":"outline","children":[{"bid":"ls67194b8bea6a4f6986d69c","id":999,"type":"outline","children":[]}]}]}', 0, NOW(), NOW());
INSERT IGNORE INTO shifu_log_draft_structs (shifu_bid, struct, deleted, created_at, updated_at) VALUES ('4e556101e6c443d990251408cae9c4e1', '{"bid":"4e556101e6c443d990251408cae9c4e1","id":999,"type":"shifu","children":[{"bid":"chb8918949db6d4bdfb728a6","id":999,"type":"outline","children":[{"bid":"ls67194b8bea6a4f6986d69c","id":999,"type":"outline","children":[]}]}]}', 0, NOW(), NOW());
INSERT IGNORE INTO course_enrollments (user_bid, shifu_bid, trainer_bid, module, status, progress_pct, created_at, updated_at) VALUES (@uid, '4e556101e6c443d990251408cae9c4e1', @uid, 'leadership', 'assigned', 0, NOW(), NOW());

-- Course 16: 管理并化解协作中的冲突
INSERT IGNORE INTO shifu_published_shifus (shifu_bid, title, description, keywords, tts_enabled, llm, llm_temperature, llm_system_prompt, ask_enabled_status, ask_llm, ask_llm_temperature, ask_llm_system_prompt, price, deleted, created_user_bid, avatar_res_bid, created_at, updated_at) VALUES ('4c6339251cec4e64a777e72cfb0b06c8', '管理并化解协作中的冲突', '领导力培训视频', '领导力,视频', 1, '', 0.3, '', 5101, '', 0.3, '', 0, 0, @uid, '', NOW(), NOW());
INSERT IGNORE INTO shifu_draft_shifus (shifu_bid, title, description, keywords, tts_enabled, llm, llm_temperature, llm_system_prompt, ask_enabled_status, ask_llm, ask_llm_temperature, ask_llm_system_prompt, price, deleted, created_user_bid, avatar_res_bid, created_at, updated_at) VALUES ('4c6339251cec4e64a777e72cfb0b06c8', '管理并化解协作中的冲突', '领导力培训视频', '领导力,视频', 1, '', 0.3, '', 5101, '', 0.3, '', 0, 0, @uid, '', NOW(), NOW());
INSERT IGNORE INTO shifu_published_outline_items (outline_item_bid, shifu_bid, title, type, hidden, parent_bid, position, content, prerequisite_item_bids, llm, llm_temperature, llm_system_prompt, ask_enabled_status, ask_llm, ask_llm_temperature, ask_llm_system_prompt, deleted, created_user_bid, updated_user_bid, created_at, updated_at) VALUES ('ch068bb36f91fb4636bf1880', '4c6339251cec4e64a777e72cfb0b06c8', '管理并化解协作中的冲突', 400, 0, '', '01', '', '', '', 0.3, '', 5101, '', 0.3, '', 0, @uid, @uid, NOW(), NOW());
INSERT IGNORE INTO shifu_published_outline_items (outline_item_bid, shifu_bid, title, type, hidden, parent_bid, position, content, prerequisite_item_bids, llm, llm_temperature, llm_system_prompt, ask_enabled_status, ask_llm, ask_llm_temperature, ask_llm_system_prompt, deleted, created_user_bid, updated_user_bid, created_at, updated_at) VALUES ('lseb26b8c490de4a2882cf6b', '4c6339251cec4e64a777e72cfb0b06c8', 'Lesson 01: 管理并化解协作中的冲突', 400, 0, 'ch068bb36f91fb4636bf1880', '0101', '{{video}}\nhttps://video.sysmex.com.cn/e07cf8985efb71f1b90a5017e1f90102/fbf66a3e816c42a3a8f84bb51b4116d6-d1773219c2542fa2ba100b544170b817-sd.m3u8', '', '', 0.3, '', 5101, '', 0.3, '', 0, @uid, @uid, NOW(), NOW());
INSERT IGNORE INTO shifu_draft_outline_items (outline_item_bid, shifu_bid, title, type, hidden, parent_bid, position, content, prerequisite_item_bids, llm, llm_temperature, llm_system_prompt, ask_enabled_status, ask_llm, ask_llm_temperature, ask_llm_system_prompt, deleted, created_user_bid, updated_user_bid, created_at, updated_at) VALUES ('ch068bb36f91fb4636bf1880', '4c6339251cec4e64a777e72cfb0b06c8', '管理并化解协作中的冲突', 400, 0, '', '01', '', '', '', 0.3, '', 5101, '', 0.3, '', 0, @uid, @uid, NOW(), NOW());
INSERT IGNORE INTO shifu_draft_outline_items (outline_item_bid, shifu_bid, title, type, hidden, parent_bid, position, content, prerequisite_item_bids, llm, llm_temperature, llm_system_prompt, ask_enabled_status, ask_llm, ask_llm_temperature, ask_llm_system_prompt, deleted, created_user_bid, updated_user_bid, created_at, updated_at) VALUES ('lseb26b8c490de4a2882cf6b', '4c6339251cec4e64a777e72cfb0b06c8', 'Lesson 01: 管理并化解协作中的冲突', 400, 0, 'ch068bb36f91fb4636bf1880', '0101', '{{video}}\nhttps://video.sysmex.com.cn/e07cf8985efb71f1b90a5017e1f90102/fbf66a3e816c42a3a8f84bb51b4116d6-d1773219c2542fa2ba100b544170b817-sd.m3u8', '', '', 0.3, '', 5101, '', 0.3, '', 0, @uid, @uid, NOW(), NOW());
INSERT IGNORE INTO shifu_log_published_structs (shifu_bid, struct, deleted, created_at, updated_at) VALUES ('4c6339251cec4e64a777e72cfb0b06c8', '{"bid":"4c6339251cec4e64a777e72cfb0b06c8","id":999,"type":"shifu","children":[{"bid":"ch068bb36f91fb4636bf1880","id":999,"type":"outline","children":[{"bid":"lseb26b8c490de4a2882cf6b","id":999,"type":"outline","children":[]}]}]}', 0, NOW(), NOW());
INSERT IGNORE INTO shifu_log_draft_structs (shifu_bid, struct, deleted, created_at, updated_at) VALUES ('4c6339251cec4e64a777e72cfb0b06c8', '{"bid":"4c6339251cec4e64a777e72cfb0b06c8","id":999,"type":"shifu","children":[{"bid":"ch068bb36f91fb4636bf1880","id":999,"type":"outline","children":[{"bid":"lseb26b8c490de4a2882cf6b","id":999,"type":"outline","children":[]}]}]}', 0, NOW(), NOW());
INSERT IGNORE INTO course_enrollments (user_bid, shifu_bid, trainer_bid, module, status, progress_pct, created_at, updated_at) VALUES (@uid, '4c6339251cec4e64a777e72cfb0b06c8', @uid, 'leadership', 'assigned', 0, NOW(), NOW());

-- Course 17: 从事到人：打造一流的团队执行力
INSERT IGNORE INTO shifu_published_shifus (shifu_bid, title, description, keywords, tts_enabled, llm, llm_temperature, llm_system_prompt, ask_enabled_status, ask_llm, ask_llm_temperature, ask_llm_system_prompt, price, deleted, created_user_bid, avatar_res_bid, created_at, updated_at) VALUES ('b11d6af92d084dac81bca2a6e73c3212', '从事到人：打造一流的团队执行力', '领导力培训视频', '领导力,视频', 1, '', 0.3, '', 5101, '', 0.3, '', 0, 0, @uid, '', NOW(), NOW());
INSERT IGNORE INTO shifu_draft_shifus (shifu_bid, title, description, keywords, tts_enabled, llm, llm_temperature, llm_system_prompt, ask_enabled_status, ask_llm, ask_llm_temperature, ask_llm_system_prompt, price, deleted, created_user_bid, avatar_res_bid, created_at, updated_at) VALUES ('b11d6af92d084dac81bca2a6e73c3212', '从事到人：打造一流的团队执行力', '领导力培训视频', '领导力,视频', 1, '', 0.3, '', 5101, '', 0.3, '', 0, 0, @uid, '', NOW(), NOW());
INSERT IGNORE INTO shifu_published_outline_items (outline_item_bid, shifu_bid, title, type, hidden, parent_bid, position, content, prerequisite_item_bids, llm, llm_temperature, llm_system_prompt, ask_enabled_status, ask_llm, ask_llm_temperature, ask_llm_system_prompt, deleted, created_user_bid, updated_user_bid, created_at, updated_at) VALUES ('ch19c3a60ac1204f63a6ef86', 'b11d6af92d084dac81bca2a6e73c3212', '从事到人：打造一流的团队执行力', 400, 0, '', '01', '', '', '', 0.3, '', 5101, '', 0.3, '', 0, @uid, @uid, NOW(), NOW());
INSERT IGNORE INTO shifu_published_outline_items (outline_item_bid, shifu_bid, title, type, hidden, parent_bid, position, content, prerequisite_item_bids, llm, llm_temperature, llm_system_prompt, ask_enabled_status, ask_llm, ask_llm_temperature, ask_llm_system_prompt, deleted, created_user_bid, updated_user_bid, created_at, updated_at) VALUES ('lsa735a2e003c9425eb0d775', 'b11d6af92d084dac81bca2a6e73c3212', 'Lesson 01: 从事到人：打造一流的团队执行力', 400, 0, 'ch19c3a60ac1204f63a6ef86', '0101', '{{video}}\nhttps://video.sysmex.com.cn/600801995efb71f1807c6732b78e0102/a6223d5f310e42588cab075065aa2520-18dfeb33e941a782bed939e5bbe0be5a-sd.m3u8', '', '', 0.3, '', 5101, '', 0.3, '', 0, @uid, @uid, NOW(), NOW());
INSERT IGNORE INTO shifu_draft_outline_items (outline_item_bid, shifu_bid, title, type, hidden, parent_bid, position, content, prerequisite_item_bids, llm, llm_temperature, llm_system_prompt, ask_enabled_status, ask_llm, ask_llm_temperature, ask_llm_system_prompt, deleted, created_user_bid, updated_user_bid, created_at, updated_at) VALUES ('ch19c3a60ac1204f63a6ef86', 'b11d6af92d084dac81bca2a6e73c3212', '从事到人：打造一流的团队执行力', 400, 0, '', '01', '', '', '', 0.3, '', 5101, '', 0.3, '', 0, @uid, @uid, NOW(), NOW());
INSERT IGNORE INTO shifu_draft_outline_items (outline_item_bid, shifu_bid, title, type, hidden, parent_bid, position, content, prerequisite_item_bids, llm, llm_temperature, llm_system_prompt, ask_enabled_status, ask_llm, ask_llm_temperature, ask_llm_system_prompt, deleted, created_user_bid, updated_user_bid, created_at, updated_at) VALUES ('lsa735a2e003c9425eb0d775', 'b11d6af92d084dac81bca2a6e73c3212', 'Lesson 01: 从事到人：打造一流的团队执行力', 400, 0, 'ch19c3a60ac1204f63a6ef86', '0101', '{{video}}\nhttps://video.sysmex.com.cn/600801995efb71f1807c6732b78e0102/a6223d5f310e42588cab075065aa2520-18dfeb33e941a782bed939e5bbe0be5a-sd.m3u8', '', '', 0.3, '', 5101, '', 0.3, '', 0, @uid, @uid, NOW(), NOW());
INSERT IGNORE INTO shifu_log_published_structs (shifu_bid, struct, deleted, created_at, updated_at) VALUES ('b11d6af92d084dac81bca2a6e73c3212', '{"bid":"b11d6af92d084dac81bca2a6e73c3212","id":999,"type":"shifu","children":[{"bid":"ch19c3a60ac1204f63a6ef86","id":999,"type":"outline","children":[{"bid":"lsa735a2e003c9425eb0d775","id":999,"type":"outline","children":[]}]}]}', 0, NOW(), NOW());
INSERT IGNORE INTO shifu_log_draft_structs (shifu_bid, struct, deleted, created_at, updated_at) VALUES ('b11d6af92d084dac81bca2a6e73c3212', '{"bid":"b11d6af92d084dac81bca2a6e73c3212","id":999,"type":"shifu","children":[{"bid":"ch19c3a60ac1204f63a6ef86","id":999,"type":"outline","children":[{"bid":"lsa735a2e003c9425eb0d775","id":999,"type":"outline","children":[]}]}]}', 0, NOW(), NOW());
INSERT IGNORE INTO course_enrollments (user_bid, shifu_bid, trainer_bid, module, status, progress_pct, created_at, updated_at) VALUES (@uid, 'b11d6af92d084dac81bca2a6e73c3212', @uid, 'leadership', 'assigned', 0, NOW(), NOW());

-- Course 18: 绩效管理与目标设定
INSERT IGNORE INTO shifu_published_shifus (shifu_bid, title, description, keywords, tts_enabled, llm, llm_temperature, llm_system_prompt, ask_enabled_status, ask_llm, ask_llm_temperature, ask_llm_system_prompt, price, deleted, created_user_bid, avatar_res_bid, created_at, updated_at) VALUES ('ad1eee5724c445b192beefb0f6693e43', '绩效管理与目标设定', '领导力培训视频', '领导力,视频', 1, '', 0.3, '', 5101, '', 0.3, '', 0, 0, @uid, '', NOW(), NOW());
INSERT IGNORE INTO shifu_draft_shifus (shifu_bid, title, description, keywords, tts_enabled, llm, llm_temperature, llm_system_prompt, ask_enabled_status, ask_llm, ask_llm_temperature, ask_llm_system_prompt, price, deleted, created_user_bid, avatar_res_bid, created_at, updated_at) VALUES ('ad1eee5724c445b192beefb0f6693e43', '绩效管理与目标设定', '领导力培训视频', '领导力,视频', 1, '', 0.3, '', 5101, '', 0.3, '', 0, 0, @uid, '', NOW(), NOW());
INSERT IGNORE INTO shifu_published_outline_items (outline_item_bid, shifu_bid, title, type, hidden, parent_bid, position, content, prerequisite_item_bids, llm, llm_temperature, llm_system_prompt, ask_enabled_status, ask_llm, ask_llm_temperature, ask_llm_system_prompt, deleted, created_user_bid, updated_user_bid, created_at, updated_at) VALUES ('chbfd01672b4e241cab579ec', 'ad1eee5724c445b192beefb0f6693e43', '绩效管理与目标设定', 400, 0, '', '01', '', '', '', 0.3, '', 5101, '', 0.3, '', 0, @uid, @uid, NOW(), NOW());
INSERT IGNORE INTO shifu_published_outline_items (outline_item_bid, shifu_bid, title, type, hidden, parent_bid, position, content, prerequisite_item_bids, llm, llm_temperature, llm_system_prompt, ask_enabled_status, ask_llm, ask_llm_temperature, ask_llm_system_prompt, deleted, created_user_bid, updated_user_bid, created_at, updated_at) VALUES ('ls82dccd78e48b4bb393cd42', 'ad1eee5724c445b192beefb0f6693e43', 'Lesson 01: 绩效管理与目标设定', 400, 0, 'chbfd01672b4e241cab579ec', '0101', '{{video}}\nhttps://video.sysmex.com.cn/e08280975efb71f1b8946732b68f0102/69d5230648fc4928ab171cbd39318411-8563a9e8ab64b7ab544f5255da99fe42-sd.m3u8', '', '', 0.3, '', 5101, '', 0.3, '', 0, @uid, @uid, NOW(), NOW());
INSERT IGNORE INTO shifu_draft_outline_items (outline_item_bid, shifu_bid, title, type, hidden, parent_bid, position, content, prerequisite_item_bids, llm, llm_temperature, llm_system_prompt, ask_enabled_status, ask_llm, ask_llm_temperature, ask_llm_system_prompt, deleted, created_user_bid, updated_user_bid, created_at, updated_at) VALUES ('chbfd01672b4e241cab579ec', 'ad1eee5724c445b192beefb0f6693e43', '绩效管理与目标设定', 400, 0, '', '01', '', '', '', 0.3, '', 5101, '', 0.3, '', 0, @uid, @uid, NOW(), NOW());
INSERT IGNORE INTO shifu_draft_outline_items (outline_item_bid, shifu_bid, title, type, hidden, parent_bid, position, content, prerequisite_item_bids, llm, llm_temperature, llm_system_prompt, ask_enabled_status, ask_llm, ask_llm_temperature, ask_llm_system_prompt, deleted, created_user_bid, updated_user_bid, created_at, updated_at) VALUES ('ls82dccd78e48b4bb393cd42', 'ad1eee5724c445b192beefb0f6693e43', 'Lesson 01: 绩效管理与目标设定', 400, 0, 'chbfd01672b4e241cab579ec', '0101', '{{video}}\nhttps://video.sysmex.com.cn/e08280975efb71f1b8946732b68f0102/69d5230648fc4928ab171cbd39318411-8563a9e8ab64b7ab544f5255da99fe42-sd.m3u8', '', '', 0.3, '', 5101, '', 0.3, '', 0, @uid, @uid, NOW(), NOW());
INSERT IGNORE INTO shifu_log_published_structs (shifu_bid, struct, deleted, created_at, updated_at) VALUES ('ad1eee5724c445b192beefb0f6693e43', '{"bid":"ad1eee5724c445b192beefb0f6693e43","id":999,"type":"shifu","children":[{"bid":"chbfd01672b4e241cab579ec","id":999,"type":"outline","children":[{"bid":"ls82dccd78e48b4bb393cd42","id":999,"type":"outline","children":[]}]}]}', 0, NOW(), NOW());
INSERT IGNORE INTO shifu_log_draft_structs (shifu_bid, struct, deleted, created_at, updated_at) VALUES ('ad1eee5724c445b192beefb0f6693e43', '{"bid":"ad1eee5724c445b192beefb0f6693e43","id":999,"type":"shifu","children":[{"bid":"chbfd01672b4e241cab579ec","id":999,"type":"outline","children":[{"bid":"ls82dccd78e48b4bb393cd42","id":999,"type":"outline","children":[]}]}]}', 0, NOW(), NOW());
INSERT IGNORE INTO course_enrollments (user_bid, shifu_bid, trainer_bid, module, status, progress_pct, created_at, updated_at) VALUES (@uid, 'ad1eee5724c445b192beefb0f6693e43', @uid, 'leadership', 'assigned', 0, NOW(), NOW());

-- Course 19: 将目标分解为任务
INSERT IGNORE INTO shifu_published_shifus (shifu_bid, title, description, keywords, tts_enabled, llm, llm_temperature, llm_system_prompt, ask_enabled_status, ask_llm, ask_llm_temperature, ask_llm_system_prompt, price, deleted, created_user_bid, avatar_res_bid, created_at, updated_at) VALUES ('96a91b4b2c2441cfa8709a6e9181bb43', '将目标分解为任务', '领导力培训视频', '领导力,视频', 1, '', 0.3, '', 5101, '', 0.3, '', 0, 0, @uid, '', NOW(), NOW());
INSERT IGNORE INTO shifu_draft_shifus (shifu_bid, title, description, keywords, tts_enabled, llm, llm_temperature, llm_system_prompt, ask_enabled_status, ask_llm, ask_llm_temperature, ask_llm_system_prompt, price, deleted, created_user_bid, avatar_res_bid, created_at, updated_at) VALUES ('96a91b4b2c2441cfa8709a6e9181bb43', '将目标分解为任务', '领导力培训视频', '领导力,视频', 1, '', 0.3, '', 5101, '', 0.3, '', 0, 0, @uid, '', NOW(), NOW());
INSERT IGNORE INTO shifu_published_outline_items (outline_item_bid, shifu_bid, title, type, hidden, parent_bid, position, content, prerequisite_item_bids, llm, llm_temperature, llm_system_prompt, ask_enabled_status, ask_llm, ask_llm_temperature, ask_llm_system_prompt, deleted, created_user_bid, updated_user_bid, created_at, updated_at) VALUES ('ch745224ef614b49e1a64364', '96a91b4b2c2441cfa8709a6e9181bb43', '将目标分解为任务', 400, 0, '', '01', '', '', '', 0.3, '', 5101, '', 0.3, '', 0, @uid, @uid, NOW(), NOW());
INSERT IGNORE INTO shifu_published_outline_items (outline_item_bid, shifu_bid, title, type, hidden, parent_bid, position, content, prerequisite_item_bids, llm, llm_temperature, llm_system_prompt, ask_enabled_status, ask_llm, ask_llm_temperature, ask_llm_system_prompt, deleted, created_user_bid, updated_user_bid, created_at, updated_at) VALUES ('ls270ac150b5284a64bd40ef', '96a91b4b2c2441cfa8709a6e9181bb43', 'Lesson 01: 将目标分解为任务', 400, 0, 'ch745224ef614b49e1a64364', '0101', '{{video}}\nhttps://video.sysmex.com.cn/20aad8965efb71f1b90a5017e1f90102/90132f841bed4d02b2f264c245114337-cd4cca17363eaea06a449b428fe08b25-sd.m3u8', '', '', 0.3, '', 5101, '', 0.3, '', 0, @uid, @uid, NOW(), NOW());
INSERT IGNORE INTO shifu_draft_outline_items (outline_item_bid, shifu_bid, title, type, hidden, parent_bid, position, content, prerequisite_item_bids, llm, llm_temperature, llm_system_prompt, ask_enabled_status, ask_llm, ask_llm_temperature, ask_llm_system_prompt, deleted, created_user_bid, updated_user_bid, created_at, updated_at) VALUES ('ch745224ef614b49e1a64364', '96a91b4b2c2441cfa8709a6e9181bb43', '将目标分解为任务', 400, 0, '', '01', '', '', '', 0.3, '', 5101, '', 0.3, '', 0, @uid, @uid, NOW(), NOW());
INSERT IGNORE INTO shifu_draft_outline_items (outline_item_bid, shifu_bid, title, type, hidden, parent_bid, position, content, prerequisite_item_bids, llm, llm_temperature, llm_system_prompt, ask_enabled_status, ask_llm, ask_llm_temperature, ask_llm_system_prompt, deleted, created_user_bid, updated_user_bid, created_at, updated_at) VALUES ('ls270ac150b5284a64bd40ef', '96a91b4b2c2441cfa8709a6e9181bb43', 'Lesson 01: 将目标分解为任务', 400, 0, 'ch745224ef614b49e1a64364', '0101', '{{video}}\nhttps://video.sysmex.com.cn/20aad8965efb71f1b90a5017e1f90102/90132f841bed4d02b2f264c245114337-cd4cca17363eaea06a449b428fe08b25-sd.m3u8', '', '', 0.3, '', 5101, '', 0.3, '', 0, @uid, @uid, NOW(), NOW());
INSERT IGNORE INTO shifu_log_published_structs (shifu_bid, struct, deleted, created_at, updated_at) VALUES ('96a91b4b2c2441cfa8709a6e9181bb43', '{"bid":"96a91b4b2c2441cfa8709a6e9181bb43","id":999,"type":"shifu","children":[{"bid":"ch745224ef614b49e1a64364","id":999,"type":"outline","children":[{"bid":"ls270ac150b5284a64bd40ef","id":999,"type":"outline","children":[]}]}]}', 0, NOW(), NOW());
INSERT IGNORE INTO shifu_log_draft_structs (shifu_bid, struct, deleted, created_at, updated_at) VALUES ('96a91b4b2c2441cfa8709a6e9181bb43', '{"bid":"96a91b4b2c2441cfa8709a6e9181bb43","id":999,"type":"shifu","children":[{"bid":"ch745224ef614b49e1a64364","id":999,"type":"outline","children":[{"bid":"ls270ac150b5284a64bd40ef","id":999,"type":"outline","children":[]}]}]}', 0, NOW(), NOW());
INSERT IGNORE INTO course_enrollments (user_bid, shifu_bid, trainer_bid, module, status, progress_pct, created_at, updated_at) VALUES (@uid, '96a91b4b2c2441cfa8709a6e9181bb43', @uid, 'leadership', 'assigned', 0, NOW(), NOW());

-- Course 20: 如何进行有效的跨部门沟通
INSERT IGNORE INTO shifu_published_shifus (shifu_bid, title, description, keywords, tts_enabled, llm, llm_temperature, llm_system_prompt, ask_enabled_status, ask_llm, ask_llm_temperature, ask_llm_system_prompt, price, deleted, created_user_bid, avatar_res_bid, created_at, updated_at) VALUES ('0d4645d682464c86b032cd522080a92a', '如何进行有效的跨部门沟通', '领导力培训视频', '领导力,视频', 1, '', 0.3, '', 5101, '', 0.3, '', 0, 0, @uid, '', NOW(), NOW());
INSERT IGNORE INTO shifu_draft_shifus (shifu_bid, title, description, keywords, tts_enabled, llm, llm_temperature, llm_system_prompt, ask_enabled_status, ask_llm, ask_llm_temperature, ask_llm_system_prompt, price, deleted, created_user_bid, avatar_res_bid, created_at, updated_at) VALUES ('0d4645d682464c86b032cd522080a92a', '如何进行有效的跨部门沟通', '领导力培训视频', '领导力,视频', 1, '', 0.3, '', 5101, '', 0.3, '', 0, 0, @uid, '', NOW(), NOW());
INSERT IGNORE INTO shifu_published_outline_items (outline_item_bid, shifu_bid, title, type, hidden, parent_bid, position, content, prerequisite_item_bids, llm, llm_temperature, llm_system_prompt, ask_enabled_status, ask_llm, ask_llm_temperature, ask_llm_system_prompt, deleted, created_user_bid, updated_user_bid, created_at, updated_at) VALUES ('ch4fc3110810a64a8596008d', '0d4645d682464c86b032cd522080a92a', '如何进行有效的跨部门沟通', 400, 0, '', '01', '', '', '', 0.3, '', 5101, '', 0.3, '', 0, @uid, @uid, NOW(), NOW());
INSERT IGNORE INTO shifu_published_outline_items (outline_item_bid, shifu_bid, title, type, hidden, parent_bid, position, content, prerequisite_item_bids, llm, llm_temperature, llm_system_prompt, ask_enabled_status, ask_llm, ask_llm_temperature, ask_llm_system_prompt, deleted, created_user_bid, updated_user_bid, created_at, updated_at) VALUES ('lsc6e917bbc45049c2a869e1', '0d4645d682464c86b032cd522080a92a', 'Lesson 01: 如何进行有效的跨部门沟通', 400, 0, 'ch4fc3110810a64a8596008d', '0101', '{{video}}\nhttps://video.sysmex.com.cn/d048a4955efb71f180ac5017e1e90102/dae060532af04d07a39355ccc5f52d22-bb2ae587c2a5cddba72616602d3e20d6-sd.m3u8', '', '', 0.3, '', 5101, '', 0.3, '', 0, @uid, @uid, NOW(), NOW());
INSERT IGNORE INTO shifu_draft_outline_items (outline_item_bid, shifu_bid, title, type, hidden, parent_bid, position, content, prerequisite_item_bids, llm, llm_temperature, llm_system_prompt, ask_enabled_status, ask_llm, ask_llm_temperature, ask_llm_system_prompt, deleted, created_user_bid, updated_user_bid, created_at, updated_at) VALUES ('ch4fc3110810a64a8596008d', '0d4645d682464c86b032cd522080a92a', '如何进行有效的跨部门沟通', 400, 0, '', '01', '', '', '', 0.3, '', 5101, '', 0.3, '', 0, @uid, @uid, NOW(), NOW());
INSERT IGNORE INTO shifu_draft_outline_items (outline_item_bid, shifu_bid, title, type, hidden, parent_bid, position, content, prerequisite_item_bids, llm, llm_temperature, llm_system_prompt, ask_enabled_status, ask_llm, ask_llm_temperature, ask_llm_system_prompt, deleted, created_user_bid, updated_user_bid, created_at, updated_at) VALUES ('lsc6e917bbc45049c2a869e1', '0d4645d682464c86b032cd522080a92a', 'Lesson 01: 如何进行有效的跨部门沟通', 400, 0, 'ch4fc3110810a64a8596008d', '0101', '{{video}}\nhttps://video.sysmex.com.cn/d048a4955efb71f180ac5017e1e90102/dae060532af04d07a39355ccc5f52d22-bb2ae587c2a5cddba72616602d3e20d6-sd.m3u8', '', '', 0.3, '', 5101, '', 0.3, '', 0, @uid, @uid, NOW(), NOW());
INSERT IGNORE INTO shifu_log_published_structs (shifu_bid, struct, deleted, created_at, updated_at) VALUES ('0d4645d682464c86b032cd522080a92a', '{"bid":"0d4645d682464c86b032cd522080a92a","id":999,"type":"shifu","children":[{"bid":"ch4fc3110810a64a8596008d","id":999,"type":"outline","children":[{"bid":"lsc6e917bbc45049c2a869e1","id":999,"type":"outline","children":[]}]}]}', 0, NOW(), NOW());
INSERT IGNORE INTO shifu_log_draft_structs (shifu_bid, struct, deleted, created_at, updated_at) VALUES ('0d4645d682464c86b032cd522080a92a', '{"bid":"0d4645d682464c86b032cd522080a92a","id":999,"type":"shifu","children":[{"bid":"ch4fc3110810a64a8596008d","id":999,"type":"outline","children":[{"bid":"lsc6e917bbc45049c2a869e1","id":999,"type":"outline","children":[]}]}]}', 0, NOW(), NOW());
INSERT IGNORE INTO course_enrollments (user_bid, shifu_bid, trainer_bid, module, status, progress_pct, created_at, updated_at) VALUES (@uid, '0d4645d682464c86b032cd522080a92a', @uid, 'leadership', 'assigned', 0, NOW(), NOW());

-- Course 21: 用OGSM细化行动计划，提升执行效率
INSERT IGNORE INTO shifu_published_shifus (shifu_bid, title, description, keywords, tts_enabled, llm, llm_temperature, llm_system_prompt, ask_enabled_status, ask_llm, ask_llm_temperature, ask_llm_system_prompt, price, deleted, created_user_bid, avatar_res_bid, created_at, updated_at) VALUES ('867f080fb87e4d349e1020625cfcc1b6', '用OGSM细化行动计划，提升执行效率', '领导力培训视频', '领导力,视频', 1, '', 0.3, '', 5101, '', 0.3, '', 0, 0, @uid, '', NOW(), NOW());
INSERT IGNORE INTO shifu_draft_shifus (shifu_bid, title, description, keywords, tts_enabled, llm, llm_temperature, llm_system_prompt, ask_enabled_status, ask_llm, ask_llm_temperature, ask_llm_system_prompt, price, deleted, created_user_bid, avatar_res_bid, created_at, updated_at) VALUES ('867f080fb87e4d349e1020625cfcc1b6', '用OGSM细化行动计划，提升执行效率', '领导力培训视频', '领导力,视频', 1, '', 0.3, '', 5101, '', 0.3, '', 0, 0, @uid, '', NOW(), NOW());
INSERT IGNORE INTO shifu_published_outline_items (outline_item_bid, shifu_bid, title, type, hidden, parent_bid, position, content, prerequisite_item_bids, llm, llm_temperature, llm_system_prompt, ask_enabled_status, ask_llm, ask_llm_temperature, ask_llm_system_prompt, deleted, created_user_bid, updated_user_bid, created_at, updated_at) VALUES ('chf4ef60ca52524f819339e6', '867f080fb87e4d349e1020625cfcc1b6', '用OGSM细化行动计划，提升执行效率', 400, 0, '', '01', '', '', '', 0.3, '', 5101, '', 0.3, '', 0, @uid, @uid, NOW(), NOW());
INSERT IGNORE INTO shifu_published_outline_items (outline_item_bid, shifu_bid, title, type, hidden, parent_bid, position, content, prerequisite_item_bids, llm, llm_temperature, llm_system_prompt, ask_enabled_status, ask_llm, ask_llm_temperature, ask_llm_system_prompt, deleted, created_user_bid, updated_user_bid, created_at, updated_at) VALUES ('ls9de7e3560a4f4210854ce1', '867f080fb87e4d349e1020625cfcc1b6', 'Lesson 01: 用OGSM细化行动计划，提升执行效率', 400, 0, 'chf4ef60ca52524f819339e6', '0101', '{{video}}\nhttps://video.sysmex.com.cn/d0601e815efb71f180644531858c0102/1690024249f5480ebce0b0780bacdb3c-6b81406a6009f209f672ed0da0fde6bf-sd.m3u8', '', '', 0.3, '', 5101, '', 0.3, '', 0, @uid, @uid, NOW(), NOW());
INSERT IGNORE INTO shifu_draft_outline_items (outline_item_bid, shifu_bid, title, type, hidden, parent_bid, position, content, prerequisite_item_bids, llm, llm_temperature, llm_system_prompt, ask_enabled_status, ask_llm, ask_llm_temperature, ask_llm_system_prompt, deleted, created_user_bid, updated_user_bid, created_at, updated_at) VALUES ('chf4ef60ca52524f819339e6', '867f080fb87e4d349e1020625cfcc1b6', '用OGSM细化行动计划，提升执行效率', 400, 0, '', '01', '', '', '', 0.3, '', 5101, '', 0.3, '', 0, @uid, @uid, NOW(), NOW());
INSERT IGNORE INTO shifu_draft_outline_items (outline_item_bid, shifu_bid, title, type, hidden, parent_bid, position, content, prerequisite_item_bids, llm, llm_temperature, llm_system_prompt, ask_enabled_status, ask_llm, ask_llm_temperature, ask_llm_system_prompt, deleted, created_user_bid, updated_user_bid, created_at, updated_at) VALUES ('ls9de7e3560a4f4210854ce1', '867f080fb87e4d349e1020625cfcc1b6', 'Lesson 01: 用OGSM细化行动计划，提升执行效率', 400, 0, 'chf4ef60ca52524f819339e6', '0101', '{{video}}\nhttps://video.sysmex.com.cn/d0601e815efb71f180644531858c0102/1690024249f5480ebce0b0780bacdb3c-6b81406a6009f209f672ed0da0fde6bf-sd.m3u8', '', '', 0.3, '', 5101, '', 0.3, '', 0, @uid, @uid, NOW(), NOW());
INSERT IGNORE INTO shifu_log_published_structs (shifu_bid, struct, deleted, created_at, updated_at) VALUES ('867f080fb87e4d349e1020625cfcc1b6', '{"bid":"867f080fb87e4d349e1020625cfcc1b6","id":999,"type":"shifu","children":[{"bid":"chf4ef60ca52524f819339e6","id":999,"type":"outline","children":[{"bid":"ls9de7e3560a4f4210854ce1","id":999,"type":"outline","children":[]}]}]}', 0, NOW(), NOW());
INSERT IGNORE INTO shifu_log_draft_structs (shifu_bid, struct, deleted, created_at, updated_at) VALUES ('867f080fb87e4d349e1020625cfcc1b6', '{"bid":"867f080fb87e4d349e1020625cfcc1b6","id":999,"type":"shifu","children":[{"bid":"chf4ef60ca52524f819339e6","id":999,"type":"outline","children":[{"bid":"ls9de7e3560a4f4210854ce1","id":999,"type":"outline","children":[]}]}]}', 0, NOW(), NOW());
INSERT IGNORE INTO course_enrollments (user_bid, shifu_bid, trainer_bid, module, status, progress_pct, created_at, updated_at) VALUES (@uid, '867f080fb87e4d349e1020625cfcc1b6', @uid, 'leadership', 'assigned', 0, NOW(), NOW());

-- Course 22: 统筹团队资源，监督计划落地
INSERT IGNORE INTO shifu_published_shifus (shifu_bid, title, description, keywords, tts_enabled, llm, llm_temperature, llm_system_prompt, ask_enabled_status, ask_llm, ask_llm_temperature, ask_llm_system_prompt, price, deleted, created_user_bid, avatar_res_bid, created_at, updated_at) VALUES ('3d60290e0da9495fbde514593ba5d404', '统筹团队资源，监督计划落地', '领导力培训视频', '领导力,视频', 1, '', 0.3, '', 5101, '', 0.3, '', 0, 0, @uid, '', NOW(), NOW());
INSERT IGNORE INTO shifu_draft_shifus (shifu_bid, title, description, keywords, tts_enabled, llm, llm_temperature, llm_system_prompt, ask_enabled_status, ask_llm, ask_llm_temperature, ask_llm_system_prompt, price, deleted, created_user_bid, avatar_res_bid, created_at, updated_at) VALUES ('3d60290e0da9495fbde514593ba5d404', '统筹团队资源，监督计划落地', '领导力培训视频', '领导力,视频', 1, '', 0.3, '', 5101, '', 0.3, '', 0, 0, @uid, '', NOW(), NOW());
INSERT IGNORE INTO shifu_published_outline_items (outline_item_bid, shifu_bid, title, type, hidden, parent_bid, position, content, prerequisite_item_bids, llm, llm_temperature, llm_system_prompt, ask_enabled_status, ask_llm, ask_llm_temperature, ask_llm_system_prompt, deleted, created_user_bid, updated_user_bid, created_at, updated_at) VALUES ('chd41dad843a7342d79384a6', '3d60290e0da9495fbde514593ba5d404', '统筹团队资源，监督计划落地', 400, 0, '', '01', '', '', '', 0.3, '', 5101, '', 0.3, '', 0, @uid, @uid, NOW(), NOW());
INSERT IGNORE INTO shifu_published_outline_items (outline_item_bid, shifu_bid, title, type, hidden, parent_bid, position, content, prerequisite_item_bids, llm, llm_temperature, llm_system_prompt, ask_enabled_status, ask_llm, ask_llm_temperature, ask_llm_system_prompt, deleted, created_user_bid, updated_user_bid, created_at, updated_at) VALUES ('ls3a7aab36788b4057aecdaf', '3d60290e0da9495fbde514593ba5d404', 'Lesson 01: 统筹团队资源，监督计划落地', 400, 0, 'chd41dad843a7342d79384a6', '0101', '{{video}}\nhttps://video.sysmex.com.cn/e0161c815efb71f1808d5017f1e90102/d4469f6518a14e42a2e4377a8d9570d4-0a397b51fd381830cd775482e7ea6f0c-sd.m3u8', '', '', 0.3, '', 5101, '', 0.3, '', 0, @uid, @uid, NOW(), NOW());
INSERT IGNORE INTO shifu_draft_outline_items (outline_item_bid, shifu_bid, title, type, hidden, parent_bid, position, content, prerequisite_item_bids, llm, llm_temperature, llm_system_prompt, ask_enabled_status, ask_llm, ask_llm_temperature, ask_llm_system_prompt, deleted, created_user_bid, updated_user_bid, created_at, updated_at) VALUES ('chd41dad843a7342d79384a6', '3d60290e0da9495fbde514593ba5d404', '统筹团队资源，监督计划落地', 400, 0, '', '01', '', '', '', 0.3, '', 5101, '', 0.3, '', 0, @uid, @uid, NOW(), NOW());
INSERT IGNORE INTO shifu_draft_outline_items (outline_item_bid, shifu_bid, title, type, hidden, parent_bid, position, content, prerequisite_item_bids, llm, llm_temperature, llm_system_prompt, ask_enabled_status, ask_llm, ask_llm_temperature, ask_llm_system_prompt, deleted, created_user_bid, updated_user_bid, created_at, updated_at) VALUES ('ls3a7aab36788b4057aecdaf', '3d60290e0da9495fbde514593ba5d404', 'Lesson 01: 统筹团队资源，监督计划落地', 400, 0, 'chd41dad843a7342d79384a6', '0101', '{{video}}\nhttps://video.sysmex.com.cn/e0161c815efb71f1808d5017f1e90102/d4469f6518a14e42a2e4377a8d9570d4-0a397b51fd381830cd775482e7ea6f0c-sd.m3u8', '', '', 0.3, '', 5101, '', 0.3, '', 0, @uid, @uid, NOW(), NOW());
INSERT IGNORE INTO shifu_log_published_structs (shifu_bid, struct, deleted, created_at, updated_at) VALUES ('3d60290e0da9495fbde514593ba5d404', '{"bid":"3d60290e0da9495fbde514593ba5d404","id":999,"type":"shifu","children":[{"bid":"chd41dad843a7342d79384a6","id":999,"type":"outline","children":[{"bid":"ls3a7aab36788b4057aecdaf","id":999,"type":"outline","children":[]}]}]}', 0, NOW(), NOW());
INSERT IGNORE INTO shifu_log_draft_structs (shifu_bid, struct, deleted, created_at, updated_at) VALUES ('3d60290e0da9495fbde514593ba5d404', '{"bid":"3d60290e0da9495fbde514593ba5d404","id":999,"type":"shifu","children":[{"bid":"chd41dad843a7342d79384a6","id":999,"type":"outline","children":[{"bid":"ls3a7aab36788b4057aecdaf","id":999,"type":"outline","children":[]}]}]}', 0, NOW(), NOW());
INSERT IGNORE INTO course_enrollments (user_bid, shifu_bid, trainer_bid, module, status, progress_pct, created_at, updated_at) VALUES (@uid, '3d60290e0da9495fbde514593ba5d404', @uid, 'leadership', 'assigned', 0, NOW(), NOW());

-- Course 23: 应对不确定：如何使命必达
INSERT IGNORE INTO shifu_published_shifus (shifu_bid, title, description, keywords, tts_enabled, llm, llm_temperature, llm_system_prompt, ask_enabled_status, ask_llm, ask_llm_temperature, ask_llm_system_prompt, price, deleted, created_user_bid, avatar_res_bid, created_at, updated_at) VALUES ('5dad7ec948da44888847043d81dbf579', '应对不确定：如何使命必达', '领导力培训视频', '领导力,视频', 1, '', 0.3, '', 5101, '', 0.3, '', 0, 0, @uid, '', NOW(), NOW());
INSERT IGNORE INTO shifu_draft_shifus (shifu_bid, title, description, keywords, tts_enabled, llm, llm_temperature, llm_system_prompt, ask_enabled_status, ask_llm, ask_llm_temperature, ask_llm_system_prompt, price, deleted, created_user_bid, avatar_res_bid, created_at, updated_at) VALUES ('5dad7ec948da44888847043d81dbf579', '应对不确定：如何使命必达', '领导力培训视频', '领导力,视频', 1, '', 0.3, '', 5101, '', 0.3, '', 0, 0, @uid, '', NOW(), NOW());
INSERT IGNORE INTO shifu_published_outline_items (outline_item_bid, shifu_bid, title, type, hidden, parent_bid, position, content, prerequisite_item_bids, llm, llm_temperature, llm_system_prompt, ask_enabled_status, ask_llm, ask_llm_temperature, ask_llm_system_prompt, deleted, created_user_bid, updated_user_bid, created_at, updated_at) VALUES ('chee088a5b54284aafaaf283', '5dad7ec948da44888847043d81dbf579', '应对不确定：如何使命必达', 400, 0, '', '01', '', '', '', 0.3, '', 5101, '', 0.3, '', 0, @uid, @uid, NOW(), NOW());
INSERT IGNORE INTO shifu_published_outline_items (outline_item_bid, shifu_bid, title, type, hidden, parent_bid, position, content, prerequisite_item_bids, llm, llm_temperature, llm_system_prompt, ask_enabled_status, ask_llm, ask_llm_temperature, ask_llm_system_prompt, deleted, created_user_bid, updated_user_bid, created_at, updated_at) VALUES ('lsf53e476e76bb44cbaad1ef', '5dad7ec948da44888847043d81dbf579', 'Lesson 01: 应对不确定：如何使命必达', 400, 0, 'chee088a5b54284aafaaf283', '0101', '{{video}}\nhttps://video.sysmex.com.cn/b0121e815efb71f1855d6733a78e0102/24d1b138edfd4db3b1388bc3a8d0e9ce-a3f6b3d271afcbfd90d821b35618c2ca-sd.m3u8', '', '', 0.3, '', 5101, '', 0.3, '', 0, @uid, @uid, NOW(), NOW());
INSERT IGNORE INTO shifu_draft_outline_items (outline_item_bid, shifu_bid, title, type, hidden, parent_bid, position, content, prerequisite_item_bids, llm, llm_temperature, llm_system_prompt, ask_enabled_status, ask_llm, ask_llm_temperature, ask_llm_system_prompt, deleted, created_user_bid, updated_user_bid, created_at, updated_at) VALUES ('chee088a5b54284aafaaf283', '5dad7ec948da44888847043d81dbf579', '应对不确定：如何使命必达', 400, 0, '', '01', '', '', '', 0.3, '', 5101, '', 0.3, '', 0, @uid, @uid, NOW(), NOW());
INSERT IGNORE INTO shifu_draft_outline_items (outline_item_bid, shifu_bid, title, type, hidden, parent_bid, position, content, prerequisite_item_bids, llm, llm_temperature, llm_system_prompt, ask_enabled_status, ask_llm, ask_llm_temperature, ask_llm_system_prompt, deleted, created_user_bid, updated_user_bid, created_at, updated_at) VALUES ('lsf53e476e76bb44cbaad1ef', '5dad7ec948da44888847043d81dbf579', 'Lesson 01: 应对不确定：如何使命必达', 400, 0, 'chee088a5b54284aafaaf283', '0101', '{{video}}\nhttps://video.sysmex.com.cn/b0121e815efb71f1855d6733a78e0102/24d1b138edfd4db3b1388bc3a8d0e9ce-a3f6b3d271afcbfd90d821b35618c2ca-sd.m3u8', '', '', 0.3, '', 5101, '', 0.3, '', 0, @uid, @uid, NOW(), NOW());
INSERT IGNORE INTO shifu_log_published_structs (shifu_bid, struct, deleted, created_at, updated_at) VALUES ('5dad7ec948da44888847043d81dbf579', '{"bid":"5dad7ec948da44888847043d81dbf579","id":999,"type":"shifu","children":[{"bid":"chee088a5b54284aafaaf283","id":999,"type":"outline","children":[{"bid":"lsf53e476e76bb44cbaad1ef","id":999,"type":"outline","children":[]}]}]}', 0, NOW(), NOW());
INSERT IGNORE INTO shifu_log_draft_structs (shifu_bid, struct, deleted, created_at, updated_at) VALUES ('5dad7ec948da44888847043d81dbf579', '{"bid":"5dad7ec948da44888847043d81dbf579","id":999,"type":"shifu","children":[{"bid":"chee088a5b54284aafaaf283","id":999,"type":"outline","children":[{"bid":"lsf53e476e76bb44cbaad1ef","id":999,"type":"outline","children":[]}]}]}', 0, NOW(), NOW());
INSERT IGNORE INTO course_enrollments (user_bid, shifu_bid, trainer_bid, module, status, progress_pct, created_at, updated_at) VALUES (@uid, '5dad7ec948da44888847043d81dbf579', @uid, 'leadership', 'assigned', 0, NOW(), NOW());

-- Course 24: 使命必达：团队执行三要素
INSERT IGNORE INTO shifu_published_shifus (shifu_bid, title, description, keywords, tts_enabled, llm, llm_temperature, llm_system_prompt, ask_enabled_status, ask_llm, ask_llm_temperature, ask_llm_system_prompt, price, deleted, created_user_bid, avatar_res_bid, created_at, updated_at) VALUES ('7fb9087a7a374a83911f9960a7362ff1', '使命必达：团队执行三要素', '领导力培训视频', '领导力,视频', 1, '', 0.3, '', 5101, '', 0.3, '', 0, 0, @uid, '', NOW(), NOW());
INSERT IGNORE INTO shifu_draft_shifus (shifu_bid, title, description, keywords, tts_enabled, llm, llm_temperature, llm_system_prompt, ask_enabled_status, ask_llm, ask_llm_temperature, ask_llm_system_prompt, price, deleted, created_user_bid, avatar_res_bid, created_at, updated_at) VALUES ('7fb9087a7a374a83911f9960a7362ff1', '使命必达：团队执行三要素', '领导力培训视频', '领导力,视频', 1, '', 0.3, '', 5101, '', 0.3, '', 0, 0, @uid, '', NOW(), NOW());
INSERT IGNORE INTO shifu_published_outline_items (outline_item_bid, shifu_bid, title, type, hidden, parent_bid, position, content, prerequisite_item_bids, llm, llm_temperature, llm_system_prompt, ask_enabled_status, ask_llm, ask_llm_temperature, ask_llm_system_prompt, deleted, created_user_bid, updated_user_bid, created_at, updated_at) VALUES ('ch21602a49651a47aa90df01', '7fb9087a7a374a83911f9960a7362ff1', '使命必达：团队执行三要素', 400, 0, '', '01', '', '', '', 0.3, '', 5101, '', 0.3, '', 0, @uid, @uid, NOW(), NOW());
INSERT IGNORE INTO shifu_published_outline_items (outline_item_bid, shifu_bid, title, type, hidden, parent_bid, position, content, prerequisite_item_bids, llm, llm_temperature, llm_system_prompt, ask_enabled_status, ask_llm, ask_llm_temperature, ask_llm_system_prompt, deleted, created_user_bid, updated_user_bid, created_at, updated_at) VALUES ('lsb6ae08b3ad6147cca7dd4d', '7fb9087a7a374a83911f9960a7362ff1', 'Lesson 01: 使命必达：团队执行三要素', 400, 0, 'ch21602a49651a47aa90df01', '0101', '{{video}}\nhttps://video.sysmex.com.cn/20b31c815efb71f18f824531859c0102/fe0a46c77b1b422db23216c57bcbb977-1f5f4a8a3a1dc3b44910a935021bb150-sd.m3u8', '', '', 0.3, '', 5101, '', 0.3, '', 0, @uid, @uid, NOW(), NOW());
INSERT IGNORE INTO shifu_draft_outline_items (outline_item_bid, shifu_bid, title, type, hidden, parent_bid, position, content, prerequisite_item_bids, llm, llm_temperature, llm_system_prompt, ask_enabled_status, ask_llm, ask_llm_temperature, ask_llm_system_prompt, deleted, created_user_bid, updated_user_bid, created_at, updated_at) VALUES ('ch21602a49651a47aa90df01', '7fb9087a7a374a83911f9960a7362ff1', '使命必达：团队执行三要素', 400, 0, '', '01', '', '', '', 0.3, '', 5101, '', 0.3, '', 0, @uid, @uid, NOW(), NOW());
INSERT IGNORE INTO shifu_draft_outline_items (outline_item_bid, shifu_bid, title, type, hidden, parent_bid, position, content, prerequisite_item_bids, llm, llm_temperature, llm_system_prompt, ask_enabled_status, ask_llm, ask_llm_temperature, ask_llm_system_prompt, deleted, created_user_bid, updated_user_bid, created_at, updated_at) VALUES ('lsb6ae08b3ad6147cca7dd4d', '7fb9087a7a374a83911f9960a7362ff1', 'Lesson 01: 使命必达：团队执行三要素', 400, 0, 'ch21602a49651a47aa90df01', '0101', '{{video}}\nhttps://video.sysmex.com.cn/20b31c815efb71f18f824531859c0102/fe0a46c77b1b422db23216c57bcbb977-1f5f4a8a3a1dc3b44910a935021bb150-sd.m3u8', '', '', 0.3, '', 5101, '', 0.3, '', 0, @uid, @uid, NOW(), NOW());
INSERT IGNORE INTO shifu_log_published_structs (shifu_bid, struct, deleted, created_at, updated_at) VALUES ('7fb9087a7a374a83911f9960a7362ff1', '{"bid":"7fb9087a7a374a83911f9960a7362ff1","id":999,"type":"shifu","children":[{"bid":"ch21602a49651a47aa90df01","id":999,"type":"outline","children":[{"bid":"lsb6ae08b3ad6147cca7dd4d","id":999,"type":"outline","children":[]}]}]}', 0, NOW(), NOW());
INSERT IGNORE INTO shifu_log_draft_structs (shifu_bid, struct, deleted, created_at, updated_at) VALUES ('7fb9087a7a374a83911f9960a7362ff1', '{"bid":"7fb9087a7a374a83911f9960a7362ff1","id":999,"type":"shifu","children":[{"bid":"ch21602a49651a47aa90df01","id":999,"type":"outline","children":[{"bid":"lsb6ae08b3ad6147cca7dd4d","id":999,"type":"outline","children":[]}]}]}', 0, NOW(), NOW());
INSERT IGNORE INTO course_enrollments (user_bid, shifu_bid, trainer_bid, module, status, progress_pct, created_at, updated_at) VALUES (@uid, '7fb9087a7a374a83911f9960a7362ff1', @uid, 'leadership', 'assigned', 0, NOW(), NOW());

-- Course 25: 用GROW法辅导员工
INSERT IGNORE INTO shifu_published_shifus (shifu_bid, title, description, keywords, tts_enabled, llm, llm_temperature, llm_system_prompt, ask_enabled_status, ask_llm, ask_llm_temperature, ask_llm_system_prompt, price, deleted, created_user_bid, avatar_res_bid, created_at, updated_at) VALUES ('146a82799bb14e908ecf8fcd68910254', '用GROW法辅导员工', '领导力培训视频', '领导力,视频', 1, '', 0.3, '', 5101, '', 0.3, '', 0, 0, @uid, '', NOW(), NOW());
INSERT IGNORE INTO shifu_draft_shifus (shifu_bid, title, description, keywords, tts_enabled, llm, llm_temperature, llm_system_prompt, ask_enabled_status, ask_llm, ask_llm_temperature, ask_llm_system_prompt, price, deleted, created_user_bid, avatar_res_bid, created_at, updated_at) VALUES ('146a82799bb14e908ecf8fcd68910254', '用GROW法辅导员工', '领导力培训视频', '领导力,视频', 1, '', 0.3, '', 5101, '', 0.3, '', 0, 0, @uid, '', NOW(), NOW());
INSERT IGNORE INTO shifu_published_outline_items (outline_item_bid, shifu_bid, title, type, hidden, parent_bid, position, content, prerequisite_item_bids, llm, llm_temperature, llm_system_prompt, ask_enabled_status, ask_llm, ask_llm_temperature, ask_llm_system_prompt, deleted, created_user_bid, updated_user_bid, created_at, updated_at) VALUES ('chbe17aad839c04d9bbc3cde', '146a82799bb14e908ecf8fcd68910254', '用GROW法辅导员工', 400, 0, '', '01', '', '', '', 0.3, '', 5101, '', 0.3, '', 0, @uid, @uid, NOW(), NOW());
INSERT IGNORE INTO shifu_published_outline_items (outline_item_bid, shifu_bid, title, type, hidden, parent_bid, position, content, prerequisite_item_bids, llm, llm_temperature, llm_system_prompt, ask_enabled_status, ask_llm, ask_llm_temperature, ask_llm_system_prompt, deleted, created_user_bid, updated_user_bid, created_at, updated_at) VALUES ('ls5283156f647f43b1ac0184', '146a82799bb14e908ecf8fcd68910254', 'Lesson 01: 用GROW法辅导员工', 400, 0, 'chbe17aad839c04d9bbc3cde', '0101', '{{video}}\nhttps://video.sysmex.com.cn/00651c815efb71f1809a5420848c0102/8aaa9ec3c9d64f4fb6881752eade408f-ace225574c2ae253d3137238f58d57f3-sd.m3u8', '', '', 0.3, '', 5101, '', 0.3, '', 0, @uid, @uid, NOW(), NOW());
INSERT IGNORE INTO shifu_draft_outline_items (outline_item_bid, shifu_bid, title, type, hidden, parent_bid, position, content, prerequisite_item_bids, llm, llm_temperature, llm_system_prompt, ask_enabled_status, ask_llm, ask_llm_temperature, ask_llm_system_prompt, deleted, created_user_bid, updated_user_bid, created_at, updated_at) VALUES ('chbe17aad839c04d9bbc3cde', '146a82799bb14e908ecf8fcd68910254', '用GROW法辅导员工', 400, 0, '', '01', '', '', '', 0.3, '', 5101, '', 0.3, '', 0, @uid, @uid, NOW(), NOW());
INSERT IGNORE INTO shifu_draft_outline_items (outline_item_bid, shifu_bid, title, type, hidden, parent_bid, position, content, prerequisite_item_bids, llm, llm_temperature, llm_system_prompt, ask_enabled_status, ask_llm, ask_llm_temperature, ask_llm_system_prompt, deleted, created_user_bid, updated_user_bid, created_at, updated_at) VALUES ('ls5283156f647f43b1ac0184', '146a82799bb14e908ecf8fcd68910254', 'Lesson 01: 用GROW法辅导员工', 400, 0, 'chbe17aad839c04d9bbc3cde', '0101', '{{video}}\nhttps://video.sysmex.com.cn/00651c815efb71f1809a5420848c0102/8aaa9ec3c9d64f4fb6881752eade408f-ace225574c2ae253d3137238f58d57f3-sd.m3u8', '', '', 0.3, '', 5101, '', 0.3, '', 0, @uid, @uid, NOW(), NOW());
INSERT IGNORE INTO shifu_log_published_structs (shifu_bid, struct, deleted, created_at, updated_at) VALUES ('146a82799bb14e908ecf8fcd68910254', '{"bid":"146a82799bb14e908ecf8fcd68910254","id":999,"type":"shifu","children":[{"bid":"chbe17aad839c04d9bbc3cde","id":999,"type":"outline","children":[{"bid":"ls5283156f647f43b1ac0184","id":999,"type":"outline","children":[]}]}]}', 0, NOW(), NOW());
INSERT IGNORE INTO shifu_log_draft_structs (shifu_bid, struct, deleted, created_at, updated_at) VALUES ('146a82799bb14e908ecf8fcd68910254', '{"bid":"146a82799bb14e908ecf8fcd68910254","id":999,"type":"shifu","children":[{"bid":"chbe17aad839c04d9bbc3cde","id":999,"type":"outline","children":[{"bid":"ls5283156f647f43b1ac0184","id":999,"type":"outline","children":[]}]}]}', 0, NOW(), NOW());
INSERT IGNORE INTO course_enrollments (user_bid, shifu_bid, trainer_bid, module, status, progress_pct, created_at, updated_at) VALUES (@uid, '146a82799bb14e908ecf8fcd68910254', @uid, 'leadership', 'assigned', 0, NOW(), NOW());

-- Course 26: 从事到人：打造一流的团队执行力
INSERT IGNORE INTO shifu_published_shifus (shifu_bid, title, description, keywords, tts_enabled, llm, llm_temperature, llm_system_prompt, ask_enabled_status, ask_llm, ask_llm_temperature, ask_llm_system_prompt, price, deleted, created_user_bid, avatar_res_bid, created_at, updated_at) VALUES ('58a206eac9364b8486e07f80d4d07d70', '从事到人：打造一流的团队执行力', '领导力培训视频', '领导力,视频', 1, '', 0.3, '', 5101, '', 0.3, '', 0, 0, @uid, '', NOW(), NOW());
INSERT IGNORE INTO shifu_draft_shifus (shifu_bid, title, description, keywords, tts_enabled, llm, llm_temperature, llm_system_prompt, ask_enabled_status, ask_llm, ask_llm_temperature, ask_llm_system_prompt, price, deleted, created_user_bid, avatar_res_bid, created_at, updated_at) VALUES ('58a206eac9364b8486e07f80d4d07d70', '从事到人：打造一流的团队执行力', '领导力培训视频', '领导力,视频', 1, '', 0.3, '', 5101, '', 0.3, '', 0, 0, @uid, '', NOW(), NOW());
INSERT IGNORE INTO shifu_published_outline_items (outline_item_bid, shifu_bid, title, type, hidden, parent_bid, position, content, prerequisite_item_bids, llm, llm_temperature, llm_system_prompt, ask_enabled_status, ask_llm, ask_llm_temperature, ask_llm_system_prompt, deleted, created_user_bid, updated_user_bid, created_at, updated_at) VALUES ('ch76876c2f604443da8be9e8', '58a206eac9364b8486e07f80d4d07d70', '从事到人：打造一流的团队执行力', 400, 0, '', '01', '', '', '', 0.3, '', 5101, '', 0.3, '', 0, @uid, @uid, NOW(), NOW());
INSERT IGNORE INTO shifu_published_outline_items (outline_item_bid, shifu_bid, title, type, hidden, parent_bid, position, content, prerequisite_item_bids, llm, llm_temperature, llm_system_prompt, ask_enabled_status, ask_llm, ask_llm_temperature, ask_llm_system_prompt, deleted, created_user_bid, updated_user_bid, created_at, updated_at) VALUES ('lsfef6818774344b2f818ec9', '58a206eac9364b8486e07f80d4d07d70', 'Lesson 01: 从事到人：打造一流的团队执行力', 400, 0, 'ch76876c2f604443da8be9e8', '0101', '{{video}}\nhttps://video.sysmex.com.cn/10d56bf35d6071f180794531958d0102/5cc0b9a008554e1c880bcd6203b91dac-76b4cdaab4e2efe81c3e62d2da365cfc-sd.m3u8', '', '', 0.3, '', 5101, '', 0.3, '', 0, @uid, @uid, NOW(), NOW());
INSERT IGNORE INTO shifu_draft_outline_items (outline_item_bid, shifu_bid, title, type, hidden, parent_bid, position, content, prerequisite_item_bids, llm, llm_temperature, llm_system_prompt, ask_enabled_status, ask_llm, ask_llm_temperature, ask_llm_system_prompt, deleted, created_user_bid, updated_user_bid, created_at, updated_at) VALUES ('ch76876c2f604443da8be9e8', '58a206eac9364b8486e07f80d4d07d70', '从事到人：打造一流的团队执行力', 400, 0, '', '01', '', '', '', 0.3, '', 5101, '', 0.3, '', 0, @uid, @uid, NOW(), NOW());
INSERT IGNORE INTO shifu_draft_outline_items (outline_item_bid, shifu_bid, title, type, hidden, parent_bid, position, content, prerequisite_item_bids, llm, llm_temperature, llm_system_prompt, ask_enabled_status, ask_llm, ask_llm_temperature, ask_llm_system_prompt, deleted, created_user_bid, updated_user_bid, created_at, updated_at) VALUES ('lsfef6818774344b2f818ec9', '58a206eac9364b8486e07f80d4d07d70', 'Lesson 01: 从事到人：打造一流的团队执行力', 400, 0, 'ch76876c2f604443da8be9e8', '0101', '{{video}}\nhttps://video.sysmex.com.cn/10d56bf35d6071f180794531958d0102/5cc0b9a008554e1c880bcd6203b91dac-76b4cdaab4e2efe81c3e62d2da365cfc-sd.m3u8', '', '', 0.3, '', 5101, '', 0.3, '', 0, @uid, @uid, NOW(), NOW());
INSERT IGNORE INTO shifu_log_published_structs (shifu_bid, struct, deleted, created_at, updated_at) VALUES ('58a206eac9364b8486e07f80d4d07d70', '{"bid":"58a206eac9364b8486e07f80d4d07d70","id":999,"type":"shifu","children":[{"bid":"ch76876c2f604443da8be9e8","id":999,"type":"outline","children":[{"bid":"lsfef6818774344b2f818ec9","id":999,"type":"outline","children":[]}]}]}', 0, NOW(), NOW());
INSERT IGNORE INTO shifu_log_draft_structs (shifu_bid, struct, deleted, created_at, updated_at) VALUES ('58a206eac9364b8486e07f80d4d07d70', '{"bid":"58a206eac9364b8486e07f80d4d07d70","id":999,"type":"shifu","children":[{"bid":"ch76876c2f604443da8be9e8","id":999,"type":"outline","children":[{"bid":"lsfef6818774344b2f818ec9","id":999,"type":"outline","children":[]}]}]}', 0, NOW(), NOW());
INSERT IGNORE INTO course_enrollments (user_bid, shifu_bid, trainer_bid, module, status, progress_pct, created_at, updated_at) VALUES (@uid, '58a206eac9364b8486e07f80d4d07d70', @uid, 'leadership', 'assigned', 0, NOW(), NOW());

-- Course 27: Will-Skill矩阵“盘”团队
INSERT IGNORE INTO shifu_published_shifus (shifu_bid, title, description, keywords, tts_enabled, llm, llm_temperature, llm_system_prompt, ask_enabled_status, ask_llm, ask_llm_temperature, ask_llm_system_prompt, price, deleted, created_user_bid, avatar_res_bid, created_at, updated_at) VALUES ('a2a10de43f044bf3864bf2477550f341', 'Will-Skill矩阵“盘”团队', '领导力培训视频', '领导力,视频', 1, '', 0.3, '', 5101, '', 0.3, '', 0, 0, @uid, '', NOW(), NOW());
INSERT IGNORE INTO shifu_draft_shifus (shifu_bid, title, description, keywords, tts_enabled, llm, llm_temperature, llm_system_prompt, ask_enabled_status, ask_llm, ask_llm_temperature, ask_llm_system_prompt, price, deleted, created_user_bid, avatar_res_bid, created_at, updated_at) VALUES ('a2a10de43f044bf3864bf2477550f341', 'Will-Skill矩阵“盘”团队', '领导力培训视频', '领导力,视频', 1, '', 0.3, '', 5101, '', 0.3, '', 0, 0, @uid, '', NOW(), NOW());
INSERT IGNORE INTO shifu_published_outline_items (outline_item_bid, shifu_bid, title, type, hidden, parent_bid, position, content, prerequisite_item_bids, llm, llm_temperature, llm_system_prompt, ask_enabled_status, ask_llm, ask_llm_temperature, ask_llm_system_prompt, deleted, created_user_bid, updated_user_bid, created_at, updated_at) VALUES ('chf82f65d6d013402888e4cb', 'a2a10de43f044bf3864bf2477550f341', 'Will-Skill矩阵“盘”团队', 400, 0, '', '01', '', '', '', 0.3, '', 5101, '', 0.3, '', 0, @uid, @uid, NOW(), NOW());
INSERT IGNORE INTO shifu_published_outline_items (outline_item_bid, shifu_bid, title, type, hidden, parent_bid, position, content, prerequisite_item_bids, llm, llm_temperature, llm_system_prompt, ask_enabled_status, ask_llm, ask_llm_temperature, ask_llm_system_prompt, deleted, created_user_bid, updated_user_bid, created_at, updated_at) VALUES ('ls1687039e8b054a3880f2db', 'a2a10de43f044bf3864bf2477550f341', 'Lesson 01: Will-Skill矩阵“盘”团队', 400, 0, 'chf82f65d6d013402888e4cb', '0101', '{{video}}\nhttps://video.sysmex.com.cn/c00d029e5af871f1bfda4531858c0102/bf8a70f30e2a41c09427e96e801958b1-2217e2461ea451834d2b47e829f3a5a3-ld.mp4', '', '', 0.3, '', 5101, '', 0.3, '', 0, @uid, @uid, NOW(), NOW());
INSERT IGNORE INTO shifu_draft_outline_items (outline_item_bid, shifu_bid, title, type, hidden, parent_bid, position, content, prerequisite_item_bids, llm, llm_temperature, llm_system_prompt, ask_enabled_status, ask_llm, ask_llm_temperature, ask_llm_system_prompt, deleted, created_user_bid, updated_user_bid, created_at, updated_at) VALUES ('chf82f65d6d013402888e4cb', 'a2a10de43f044bf3864bf2477550f341', 'Will-Skill矩阵“盘”团队', 400, 0, '', '01', '', '', '', 0.3, '', 5101, '', 0.3, '', 0, @uid, @uid, NOW(), NOW());
INSERT IGNORE INTO shifu_draft_outline_items (outline_item_bid, shifu_bid, title, type, hidden, parent_bid, position, content, prerequisite_item_bids, llm, llm_temperature, llm_system_prompt, ask_enabled_status, ask_llm, ask_llm_temperature, ask_llm_system_prompt, deleted, created_user_bid, updated_user_bid, created_at, updated_at) VALUES ('ls1687039e8b054a3880f2db', 'a2a10de43f044bf3864bf2477550f341', 'Lesson 01: Will-Skill矩阵“盘”团队', 400, 0, 'chf82f65d6d013402888e4cb', '0101', '{{video}}\nhttps://video.sysmex.com.cn/c00d029e5af871f1bfda4531858c0102/bf8a70f30e2a41c09427e96e801958b1-2217e2461ea451834d2b47e829f3a5a3-ld.mp4', '', '', 0.3, '', 5101, '', 0.3, '', 0, @uid, @uid, NOW(), NOW());
INSERT IGNORE INTO shifu_log_published_structs (shifu_bid, struct, deleted, created_at, updated_at) VALUES ('a2a10de43f044bf3864bf2477550f341', '{"bid":"a2a10de43f044bf3864bf2477550f341","id":999,"type":"shifu","children":[{"bid":"chf82f65d6d013402888e4cb","id":999,"type":"outline","children":[{"bid":"ls1687039e8b054a3880f2db","id":999,"type":"outline","children":[]}]}]}', 0, NOW(), NOW());
INSERT IGNORE INTO shifu_log_draft_structs (shifu_bid, struct, deleted, created_at, updated_at) VALUES ('a2a10de43f044bf3864bf2477550f341', '{"bid":"a2a10de43f044bf3864bf2477550f341","id":999,"type":"shifu","children":[{"bid":"chf82f65d6d013402888e4cb","id":999,"type":"outline","children":[{"bid":"ls1687039e8b054a3880f2db","id":999,"type":"outline","children":[]}]}]}', 0, NOW(), NOW());
INSERT IGNORE INTO course_enrollments (user_bid, shifu_bid, trainer_bid, module, status, progress_pct, created_at, updated_at) VALUES (@uid, 'a2a10de43f044bf3864bf2477550f341', @uid, 'leadership', 'assigned', 0, NOW(), NOW());

-- Course 28: 如何通过反馈做好辅导
INSERT IGNORE INTO shifu_published_shifus (shifu_bid, title, description, keywords, tts_enabled, llm, llm_temperature, llm_system_prompt, ask_enabled_status, ask_llm, ask_llm_temperature, ask_llm_system_prompt, price, deleted, created_user_bid, avatar_res_bid, created_at, updated_at) VALUES ('d8a8db3bca8c4c16899a249a29ee6556', '如何通过反馈做好辅导', '领导力培训视频', '领导力,视频', 1, '', 0.3, '', 5101, '', 0.3, '', 0, 0, @uid, '', NOW(), NOW());
INSERT IGNORE INTO shifu_draft_shifus (shifu_bid, title, description, keywords, tts_enabled, llm, llm_temperature, llm_system_prompt, ask_enabled_status, ask_llm, ask_llm_temperature, ask_llm_system_prompt, price, deleted, created_user_bid, avatar_res_bid, created_at, updated_at) VALUES ('d8a8db3bca8c4c16899a249a29ee6556', '如何通过反馈做好辅导', '领导力培训视频', '领导力,视频', 1, '', 0.3, '', 5101, '', 0.3, '', 0, 0, @uid, '', NOW(), NOW());
INSERT IGNORE INTO shifu_published_outline_items (outline_item_bid, shifu_bid, title, type, hidden, parent_bid, position, content, prerequisite_item_bids, llm, llm_temperature, llm_system_prompt, ask_enabled_status, ask_llm, ask_llm_temperature, ask_llm_system_prompt, deleted, created_user_bid, updated_user_bid, created_at, updated_at) VALUES ('che75059cc852f45678010ff', 'd8a8db3bca8c4c16899a249a29ee6556', '如何通过反馈做好辅导', 400, 0, '', '01', '', '', '', 0.3, '', 5101, '', 0.3, '', 0, @uid, @uid, NOW(), NOW());
INSERT IGNORE INTO shifu_published_outline_items (outline_item_bid, shifu_bid, title, type, hidden, parent_bid, position, content, prerequisite_item_bids, llm, llm_temperature, llm_system_prompt, ask_enabled_status, ask_llm, ask_llm_temperature, ask_llm_system_prompt, deleted, created_user_bid, updated_user_bid, created_at, updated_at) VALUES ('lsb9ffbe8892554c568ad6c0', 'd8a8db3bca8c4c16899a249a29ee6556', 'Lesson 01: 如何通过反馈做好辅导', 400, 0, 'che75059cc852f45678010ff', '0101', '{{video}}\nhttps://video.sysmex.com.cn/6003ac63751071f180cf4531949c0102/36f430eadbad40e6bd876d5db6185767-17a712cde0c670cfe781ee3b938ef951-sd.m3u8', '', '', 0.3, '', 5101, '', 0.3, '', 0, @uid, @uid, NOW(), NOW());
INSERT IGNORE INTO shifu_draft_outline_items (outline_item_bid, shifu_bid, title, type, hidden, parent_bid, position, content, prerequisite_item_bids, llm, llm_temperature, llm_system_prompt, ask_enabled_status, ask_llm, ask_llm_temperature, ask_llm_system_prompt, deleted, created_user_bid, updated_user_bid, created_at, updated_at) VALUES ('che75059cc852f45678010ff', 'd8a8db3bca8c4c16899a249a29ee6556', '如何通过反馈做好辅导', 400, 0, '', '01', '', '', '', 0.3, '', 5101, '', 0.3, '', 0, @uid, @uid, NOW(), NOW());
INSERT IGNORE INTO shifu_draft_outline_items (outline_item_bid, shifu_bid, title, type, hidden, parent_bid, position, content, prerequisite_item_bids, llm, llm_temperature, llm_system_prompt, ask_enabled_status, ask_llm, ask_llm_temperature, ask_llm_system_prompt, deleted, created_user_bid, updated_user_bid, created_at, updated_at) VALUES ('lsb9ffbe8892554c568ad6c0', 'd8a8db3bca8c4c16899a249a29ee6556', 'Lesson 01: 如何通过反馈做好辅导', 400, 0, 'che75059cc852f45678010ff', '0101', '{{video}}\nhttps://video.sysmex.com.cn/6003ac63751071f180cf4531949c0102/36f430eadbad40e6bd876d5db6185767-17a712cde0c670cfe781ee3b938ef951-sd.m3u8', '', '', 0.3, '', 5101, '', 0.3, '', 0, @uid, @uid, NOW(), NOW());
INSERT IGNORE INTO shifu_log_published_structs (shifu_bid, struct, deleted, created_at, updated_at) VALUES ('d8a8db3bca8c4c16899a249a29ee6556', '{"bid":"d8a8db3bca8c4c16899a249a29ee6556","id":999,"type":"shifu","children":[{"bid":"che75059cc852f45678010ff","id":999,"type":"outline","children":[{"bid":"lsb9ffbe8892554c568ad6c0","id":999,"type":"outline","children":[]}]}]}', 0, NOW(), NOW());
INSERT IGNORE INTO shifu_log_draft_structs (shifu_bid, struct, deleted, created_at, updated_at) VALUES ('d8a8db3bca8c4c16899a249a29ee6556', '{"bid":"d8a8db3bca8c4c16899a249a29ee6556","id":999,"type":"shifu","children":[{"bid":"che75059cc852f45678010ff","id":999,"type":"outline","children":[{"bid":"lsb9ffbe8892554c568ad6c0","id":999,"type":"outline","children":[]}]}]}', 0, NOW(), NOW());
INSERT IGNORE INTO course_enrollments (user_bid, shifu_bid, trainer_bid, module, status, progress_pct, created_at, updated_at) VALUES (@uid, 'd8a8db3bca8c4c16899a249a29ee6556', @uid, 'leadership', 'assigned', 0, NOW(), NOW());
